Symbol,Source
A,NYSE
AA,NYSE
AACB,NASDAQ
AACBR,NASDAQ
AACBU,NASDAQ
AACG,NASDAQ
AAL,NASDAQ
AAM,NYSE
AAM.U,NYSE
AAM.W,NYSE
AAME,NASDAQ
AAMI,NYSE
AAOI,NASDAQ
AAON,NASDAQ
AAP,NYSE
AAPG,NASDAQ
AAPL,NASDAQ
AARD,NASDAQ
AAT,NYSE
AAUC,NYSE
AB,NYSE
ABAT,NASDAQ
ABBV,NYSE
ABCB,NYSE
ABCL,NASDAQ
ABEO,NASDAQ
ABEV,NYSE
ABG,NYSE
ABL,NASDAQ
ABLLL,NASDAQ
ABLV,NASDAQ
ABLVW,NASDAQ
ABM,NYSE
ABNB,NASDAQ
ABOS,NASDAQ
ABPWW,NASDAQ
ABR,NYSE
ABR$D,NYSE
ABR$E,NYSE
ABR$F,NYSE
ABSI,NASDAQ
ABT,NYSE
ABTC,NASDAQ
ABTS,NASDAQ
ABUS,NASDAQ
ABVC,NASDAQ
ABVE,NASDAQ
ABVEW,NASDAQ
ABVX,NASDAQ
ACA,NYSE
ACAD,NASDAQ
ACB,NASDAQ
ACCL,NASDAQ
ACCO,NYSE
ACCS,NYSE
ACDC,NASDAQ
ACEL,NYSE
ACFN,NASDAQ
ACGL,NASDAQ
ACGLN,NASDAQ
ACGLO,NASDAQ
ACHC,NASDAQ
ACHR,NYSE
ACHR.W,NYSE
ACHV,NASDAQ
ACI,NYSE
ACIC,NASDAQ
ACIU,NASDAQ
ACIW,NASDAQ
ACLS,NASDAQ
ACLX,NASDAQ
ACM,NYSE
ACMR,NASDAQ
ACN,NYSE
ACNB,NASDAQ
ACNT,NASDAQ
ACOG,NASDAQ
ACON,NASDAQ
ACONW,NASDAQ
ACP,NYSE
ACP$A,NYSE
ACR,NYSE
ACR$C,NYSE
ACR$D,NYSE
ACRE,NYSE
ACRS,NASDAQ
ACRV,NASDAQ
ACT,NASDAQ
ACTG,NASDAQ
ACTU,NASDAQ
ACU,NYSE
ACV,NYSE
ACVA,NYSE
ACXP,NASDAQ
AD,NYSE
ADAG,NASDAQ
ADAM,NASDAQ
ADAMG,NASDAQ
ADAMH,NASDAQ
ADAMI,NASDAQ
ADAML,NASDAQ
ADAMM,NASDAQ
ADAMN,NASDAQ
ADAMZ,NASDAQ
ADBE,NASDAQ
ADC,NYSE
ADC$A,NYSE
ADCT,NYSE
ADEA,NASDAQ
ADI,NASDAQ
ADM,NYSE
ADMA,NASDAQ
ADNT,NYSE
ADP,NASDAQ
ADPT,NASDAQ
ADSE,NASDAQ
ADSEW,NASDAQ
ADSK,NASDAQ
ADT,NYSE
ADTN,NASDAQ
ADTX,NASDAQ
ADUR,NASDAQ
ADUS,NASDAQ
ADV,NASDAQ
ADVM,NASDAQ
ADX,NYSE
ADXN,NASDAQ
AEBI,NASDAQ
AEC,NASDAQ
AEE,NYSE
AEF,NYSE
AEFC,NYSE
AEG,NYSE
AEHL,NASDAQ
AEHR,NASDAQ
AEI,NASDAQ
AEIS,NASDAQ
AEM,NYSE
AENT,NASDAQ
AENTW,NASDAQ
AEO,NYSE
AEON,NYSE
AEP,NASDAQ
AER,NYSE
AERTW,NASDAQ
AES,NYSE
AESI,NYSE
AEVA,NASDAQ
AEVAW,NASDAQ
AEXA,NYSE
AEYE,NASDAQ
AFB,NYSE
AFBI,NASDAQ
AFCG,NASDAQ
AFG,NYSE
AFGB,NYSE
AFGC,NYSE
AFGD,NYSE
AFGE,NYSE
AFJK,NASDAQ
AFJKR,NASDAQ
AFJKU,NASDAQ
AFL,NYSE
AFRI,NASDAQ
AFRIW,NASDAQ
AFRM,NASDAQ
AFYA,NASDAQ
AG,NYSE
AGAE,NASDAQ
AGCC,NASDAQ
AGCO,NYSE
AGD,NYSE
AGEN,NASDAQ
AGH,NASDAQ
AGI,NYSE
AGIO,NASDAQ
AGL,NYSE
AGM,NYSE
AGM$D,NYSE
AGM$E,NYSE
AGM$F,NYSE
AGM$G,NYSE
AGM$H,NYSE
AGM.A,NYSE
AGMH,NASDAQ
AGNC,NASDAQ
AGNCL,NASDAQ
AGNCM,NASDAQ
AGNCN,NASDAQ
AGNCO,NASDAQ
AGNCP,NASDAQ
AGNCZ,NASDAQ
AGO,NYSE
AGRI,NASDAQ
AGRO,NYSE
AGRZ,NASDAQ
AGX,NYSE
AGYS,NASDAQ
AHCO,NASDAQ
AHG,NASDAQ
AHH,NYSE
AHH$A,NYSE
AHL,NYSE
AHL$D,NYSE
AHL$E,NYSE
AHL$F,NYSE
AHMA,NASDAQ
AHR,NYSE
AHT,NYSE
AHT$D,NYSE
AHT$F,NYSE
AHT$G,NYSE
AHT$H,NYSE
AHT$I,NYSE
AI,NYSE
AIFF,NASDAQ
AIFU,NASDAQ
AIG,NYSE
AIHS,NASDAQ
AII,NYSE
AIIA.U,NYSE
AIIO,NASDAQ
AIIOW,NASDAQ
AIM,NYSE
AIMD,NASDAQ
AIMDW,NASDAQ
AIN,NYSE
AIO,NYSE
AIOT,NASDAQ
AIP,NASDAQ
AIR,NYSE
AIRG,NASDAQ
AIRI,NYSE
AIRJ,NASDAQ
AIRJW,NASDAQ
AIRO,NASDAQ
AIRS,NASDAQ
AIRT,NASDAQ
AIRTP,NASDAQ
AISP,NASDAQ
AISPW,NASDAQ
AIT,NYSE
AIV,NYSE
AIXI,NASDAQ
AIZ,NYSE
AIZN,NYSE
AJG,NYSE
AKA,NYSE
AKAM,NASDAQ
AKAN,NASDAQ
AKBA,NASDAQ
AKO.A,NYSE
AKO.B,NYSE
AKR,NYSE
AKRO,NASDAQ
AKTX,NASDAQ
AL,NYSE
ALAB,NASDAQ
ALAR,NASDAQ
ALB,NYSE
ALB$A,NYSE
ALC,NYSE
ALCO,NASDAQ
ALCY,NASDAQ
ALCYU,NASDAQ
ALCYW,NASDAQ
ALDF,NASDAQ
ALDFU,NASDAQ
ALDFW,NASDAQ
ALDX,NASDAQ
ALE,NYSE
ALEC,NASDAQ
ALEX,NYSE
ALF,NASDAQ
ALFUU,NASDAQ
ALFUW,NASDAQ
ALG,NYSE
ALGM,NASDAQ
ALGN,NASDAQ
ALGS,NASDAQ
ALGT,NASDAQ
ALH,NYSE
ALHC,NASDAQ
ALISU,NASDAQ
ALIT,NYSE
ALK,NYSE
ALKS,NASDAQ
ALKT,NASDAQ
ALL,NYSE
ALL$B,NYSE
ALL$H,NYSE
ALL$I,NYSE
ALL$J,NYSE
ALLE,NYSE
ALLO,NASDAQ
ALLR,NASDAQ
ALLT,NASDAQ
ALLY,NYSE
ALM,NASDAQ
ALMS,NASDAQ
ALMU,NASDAQ
ALNT,NASDAQ
ALNY,NASDAQ
ALOT,NASDAQ
ALPS,NASDAQ
ALRM,NASDAQ
ALRS,NASDAQ
ALSN,NYSE
ALT,NASDAQ
ALTG,NYSE
ALTG$A,NYSE
ALTI,NASDAQ
ALTO,NASDAQ
ALTS,NASDAQ
ALUR,NYSE
ALUR.W,NYSE
ALV,NYSE
ALVO,NASDAQ
ALVOW,NASDAQ
ALX,NYSE
ALXO,NASDAQ
ALZN,NASDAQ
AM,NYSE
AMAL,NASDAQ
AMAT,NASDAQ
AMBA,NASDAQ
AMBC,NYSE
AMBO,NYSE
AMBP,NYSE
AMBP.W,NYSE
AMBQ,NYSE
AMBR,NASDAQ
AMC,NYSE
AMCR,NYSE
AMCX,NASDAQ
AMD,NASDAQ
AME,NYSE
AMG,NYSE
AMGN,NASDAQ
AMH,NYSE
AMH$G,NYSE
AMH$H,NYSE
AMIX,NASDAQ
AMKR,NASDAQ
AMLX,NASDAQ
AMN,NYSE
AMOD,NASDAQ
AMODW,NASDAQ
AMP,NYSE
AMPG,NASDAQ
AMPGW,NASDAQ
AMPH,NASDAQ
AMPL,NASDAQ
AMPX,NYSE
AMPX.W,NYSE
AMPY,NYSE
AMR,NYSE
AMRC,NYSE
AMRK,NASDAQ
AMRN,NASDAQ
AMRX,NASDAQ
AMRZ,NYSE
AMS,NYSE
AMSC,NASDAQ
AMSF,NASDAQ
AMT,NYSE
AMTB,NYSE
AMTD,NYSE
AMTM,NYSE
AMTX,NASDAQ
AMUB,NYSE
AMWD,NASDAQ
AMWL,NYSE
AMX,NYSE
AMZE,NYSE
AMZN,NASDAQ
AN,NYSE
ANAB,NASDAQ
ANDE,NASDAQ
ANEB,NASDAQ
ANET,NYSE
ANF,NYSE
ANG$D,NYSE
ANGH,NASDAQ
ANGHW,NASDAQ
ANGI,NASDAQ
ANGO,NASDAQ
ANGX,NYSE
ANIK,NASDAQ
ANIP,NASDAQ
ANIX,NASDAQ
ANL,NASDAQ
ANNA,NASDAQ
ANNAW,NASDAQ
ANNX,NASDAQ
ANPA,NASDAQ
ANRO,NYSE
ANSC,NASDAQ
ANSCU,NASDAQ
ANSCW,NASDAQ
ANTA,NASDAQ
ANTX,NASDAQ
ANVS,NYSE
AOD,NYSE
AOMD,NYSE
AOMN,NYSE
AOMR,NYSE
AON,NYSE
AORT,NYSE
AOS,NYSE
AOSL,NASDAQ
AOUT,NASDAQ
AP,NYSE
APA,NASDAQ
APACU,NASDAQ
APAD,NASDAQ
APADR,NASDAQ
APADU,NASDAQ
APAM,NYSE
APD,NYSE
APEI,NASDAQ
APG,NYSE
APGE,NASDAQ
APH,NYSE
API,NASDAQ
APLD,NASDAQ
APLE,NYSE
APLM,NASDAQ
APLMW,NASDAQ
APLS,NASDAQ
APM,NASDAQ
APO,NYSE
APO$A,NYSE
APOG,NASDAQ
APOS,NYSE
APP,NASDAQ
APPF,NASDAQ
APPN,NASDAQ
APPS,NASDAQ
APRE,NASDAQ
APT,NYSE
APTV,NYSE
APUS,NYSE
APVO,NASDAQ
APWC,NASDAQ
APXTU,NASDAQ
APYX,NASDAQ
AQB,NASDAQ
AQMS,NASDAQ
AQN,NYSE
AQNB,NYSE
AQST,NASDAQ
AR,NYSE
ARAI,NASDAQ
ARAY,NASDAQ
ARBB,NASDAQ
ARBE,NASDAQ
ARBEW,NASDAQ
ARBKL,NASDAQ
ARCB,NASDAQ
ARCC,NASDAQ
ARCO,NYSE
ARCT,NASDAQ
ARDC,NYSE
ARDT,NYSE
ARDX,NASDAQ
ARE,NYSE
AREC,NASDAQ
AREN,NYSE
ARES,NYSE
ARES$B,NYSE
ARGX,NASDAQ
ARHS,NASDAQ
ARI,NYSE
ARKO,NASDAQ
ARKOW,NASDAQ
ARKR,NASDAQ
ARL,NYSE
ARLO,NYSE
ARLP,NASDAQ
ARM,NASDAQ
ARMK,NYSE
ARMN,NYSE
ARMP,NYSE
AROC,NYSE
AROW,NASDAQ
ARQ,NASDAQ
ARQQ,NASDAQ
ARQQW,NASDAQ
ARQT,NASDAQ
ARR,NYSE
ARR$C,NYSE
ARRY,NASDAQ
ARTNA,NASDAQ
ARTV,NASDAQ
ARTW,NASDAQ
ARVN,NASDAQ
ARW,NYSE
ARWR,NASDAQ
ARX,NYSE
AS,NYSE
ASA,NYSE
ASAN,NYSE
ASB,NYSE
ASB$E,NYSE
ASB$F,NYSE
ASBA,NYSE
ASBPW,NASDAQ
ASC,NYSE
ASG,NYSE
ASGI,NYSE
ASGN,NYSE
ASH,NYSE
ASIC,NYSE
ASIX,NYSE
ASLE,NASDAQ
ASM,NYSE
ASMB,NASDAQ
ASML,NASDAQ
ASND,NASDAQ
ASO,NASDAQ
ASPC,NASDAQ
ASPCR,NASDAQ
ASPCU,NASDAQ
ASPI,NASDAQ
ASPN,NYSE
ASPS,NASDAQ
ASPSW,NASDAQ
ASPSZ,NASDAQ
ASR,NYSE
ASRV,NASDAQ
ASST,NASDAQ
ASTC,NASDAQ
ASTE,NASDAQ
ASTH,NASDAQ
ASTI,NASDAQ
ASTL,NASDAQ
ASTLW,NASDAQ
ASTS,NASDAQ
ASUR,NASDAQ
ASX,NYSE
ASYS,NASDAQ
ATAI,NASDAQ
ATAT,NASDAQ
ATCH,NYSE
ATEC,NASDAQ
ATEN,NYSE
ATER,NASDAQ
ATEX,NASDAQ
ATGE,NYSE
ATGL,NASDAQ
ATH$A,NYSE
ATH$B,NYSE
ATH$D,NYSE
ATH$E,NYSE
ATHA,NASDAQ
ATHE,NASDAQ
ATHM,NYSE
ATHR,NASDAQ
ATHS,NYSE
ATI,NYSE
ATII,NASDAQ
ATIIU,NASDAQ
ATIIW,NASDAQ
ATKR,NYSE
ATLC,NASDAQ
ATLCL,NASDAQ
ATLCP,NASDAQ
ATLCZ,NASDAQ
ATLN,NASDAQ
ATLO,NASDAQ
ATLX,NASDAQ
ATMC,NASDAQ
ATMCR,NASDAQ
ATMCU,NASDAQ
ATMCW,NASDAQ
ATMP,NYSE
ATMU,NYSE
ATMV,NASDAQ
ATMVR,NASDAQ
ATMVU,NASDAQ
ATNI,NASDAQ
ATNM,NYSE
ATO,NYSE
ATOM,NASDAQ
ATON,NASDAQ
ATPC,NASDAQ
ATR,NYSE
ATRA,NASDAQ
ATRC,NASDAQ
ATRO,NASDAQ
ATS,NYSE
ATUS,NYSE
ATXG,NASDAQ
ATXS,NASDAQ
ATYR,NASDAQ
AU,NYSE
AUB,NYSE
AUB$A,NYSE
AUBN,NASDAQ
AUDC,NASDAQ
AUGO,NASDAQ
AUID,NASDAQ
AUNA,NYSE
AUPH,NASDAQ
AUR,NASDAQ
AURA,NASDAQ
AUROW,NASDAQ
AUST,NYSE
AUTL,NASDAQ
AUUD,NASDAQ
AUUDW,NASDAQ
AVA,NYSE
AVAH,NASDAQ
AVAL,NYSE
AVAV,NASDAQ
AVB,NYSE
AVBC,NYSE
AVBH,NASDAQ
AVBP,NASDAQ
AVD,NYSE
AVDL,NASDAQ
AVGO,NASDAQ
AVIR,NASDAQ
AVK,NYSE
AVNS,NYSE
AVNT,NYSE
AVNW,NASDAQ
AVO,NASDAQ
AVPT,NASDAQ
AVR,NASDAQ
AVT,NASDAQ
AVTR,NYSE
AVTX,NASDAQ
AVXL,NASDAQ
AVY,NYSE
AWF,NYSE
AWI,NYSE
AWK,NYSE
AWP,NYSE
AWR,NYSE
AWRE,NASDAQ
AWX,NYSE
AX,NYSE
AXG,NASDAQ
AXGN,NASDAQ
AXIL,NYSE
AXIN,NASDAQ
AXINR,NASDAQ
AXINU,NASDAQ
AXL,NYSE
AXON,NASDAQ
AXP,NYSE
AXR,NYSE
AXS,NYSE
AXS$E,NYSE
AXSM,NASDAQ
AXTA,NYSE
AYI,NYSE
AYTU,NASDAQ
AZ,NASDAQ
AZN,NASDAQ
AZO,NYSE
AZTA,NASDAQ
AZTR,NYSE
AZZ,NYSE
B,NYSE
BA,NYSE
BA$A,NYSE
BABA,NYSE
BAC,NYSE
BAC$B,NYSE
BAC$E,NYSE
BAC$K,NYSE
BAC$L,NYSE
BAC$M,NYSE
BAC$N,NYSE
BAC$O,NYSE
BAC$P,NYSE
BAC$Q,NYSE
BAC$S,NYSE
BACC,NASDAQ
BACCR,NASDAQ
BACCU,NASDAQ
BACQ,NASDAQ
BACQR,NASDAQ
BACQU,NASDAQ
BAER,NASDAQ
BAERW,NASDAQ
BAFN,NASDAQ
BAH,NYSE
BAK,NYSE
BALL,NYSE
BALY,NYSE
BAM,NYSE
BANC,NYSE
BANC$F,NYSE
BAND,NASDAQ
BANF,NASDAQ
BANFP,NASDAQ
BANR,NASDAQ
BANX,NASDAQ
BAOS,NASDAQ
BAP,NYSE
BAR,NYSE
BARK,NYSE
BARK.W,NYSE
BATL,NYSE
BATRA,NASDAQ
BATRK,NASDAQ
BAX,NYSE
BB,NYSE
BBAI,NYSE
BBAI.W,NYSE
BBAR,NYSE
BBBY,NYSE
BBBY.W,NYSE
BBCP,NASDAQ
BBD,NYSE
BBDC,NYSE
BBDO,NYSE
BBGI,NASDAQ
BBIO,NASDAQ
BBLG,NASDAQ
BBLGW,NASDAQ
BBN,NYSE
BBNX,NASDAQ
BBOT,NASDAQ
BBSI,NASDAQ
BBT,NYSE
BBU,NYSE
BBUC,NYSE
BBVA,NYSE
BBW,NYSE
BBWI,NYSE
BBY,NYSE
BC,NYSE
BC$A,NYSE
BC$C,NYSE
BCAL,NASDAQ
BCAR,NASDAQ
BCARU,NASDAQ
BCARW,NASDAQ
BCAT,NYSE
BCAX,NASDAQ
BCBP,NASDAQ
BCC,NYSE
BCDA,NASDAQ
BCE,NYSE
BCG,NASDAQ
BCGWW,NASDAQ
BCH,NYSE
BCIC,NASDAQ
BCML,NASDAQ
BCO,NYSE
BCPC,NASDAQ
BCRX,NASDAQ
BCS,NYSE
BCSF,NYSE
BCSS.U,NYSE
BCTX,NASDAQ
BCTXW,NASDAQ
BCTXZ,NASDAQ
BCV,NYSE
BCV$A,NYSE
BCX,NYSE
BCYC,NASDAQ
BDC,NYSE
BDCI,NASDAQ
BDCIU,NASDAQ
BDCIW,NASDAQ
BDCZ,NYSE
BDJ,NYSE
BDL,NYSE
BDMD,NASDAQ
BDMDW,NASDAQ
BDN,NYSE
BDRX,NASDAQ
BDSX,NASDAQ
BDTX,NASDAQ
BDX,NYSE
BE,NYSE
BEAG,NASDAQ
BEAGR,NASDAQ
BEAGU,NASDAQ
BEAM,NASDAQ
BEAT,NASDAQ
BEATW,NASDAQ
BEDU,NYSE
BEEM,NASDAQ
BEEP,NASDAQ
BEKE,NYSE
BELFA,NASDAQ
BELFB,NASDAQ
BEN,NYSE
BEP,NYSE
BEP$A,NYSE
BEPC,NYSE
BEPH,NYSE
BEPI,NYSE
BEPJ,NYSE
BETA,NYSE
BETR,NASDAQ
BETRW,NASDAQ
BF.A,NYSE
BF.B,NYSE
BFAM,NYSE
BFC,NASDAQ
BFH,NYSE
BFIN,NASDAQ
BFK,NYSE
BFLY,NYSE
BFLY.W,NYSE
BFS,NYSE
BFS$D,NYSE
BFS$E,NYSE
BFST,NASDAQ
BFZ,NYSE
BG,NYSE
BGB,NYSE
BGC,NASDAQ
BGH,NYSE
BGI,NYSE
BGIN,NASDAQ
BGL,NASDAQ
BGLC,NASDAQ
BGLWW,NASDAQ
BGM,NASDAQ
BGMS,NASDAQ
BGR,NYSE
BGS,NYSE
BGSF,NYSE
BGSI,NYSE
BGT,NYSE
BGX,NYSE
BGY,NYSE
BH,NYSE
BH.A,NYSE
BHAT,NASDAQ
BHB,NYSE
BHC,NYSE
BHE,NYSE
BHF,NASDAQ
BHFAL,NASDAQ
BHFAM,NASDAQ
BHFAN,NASDAQ
BHFAO,NASDAQ
BHFAP,NASDAQ
BHK,NYSE
BHM,NYSE
BHP,NYSE
BHR,NYSE
BHR$B,NYSE
BHR$D,NYSE
BHRB,NASDAQ
BHST,NASDAQ
BHV,NYSE
BHVN,NYSE
BIAF,NASDAQ
BIAFW,NASDAQ
BIDU,NASDAQ
BIIB,NASDAQ
BILI,NASDAQ
BILL,NYSE
BIO,NYSE
BIO.B,NYSE
BIOA,NASDAQ
BIOX,NASDAQ
BIP,NYSE
BIP$A,NYSE
BIP$B,NYSE
BIPC,NYSE
BIPH,NYSE
BIPI,NYSE
BIPJ,NYSE
BIRD,NASDAQ
BIRK,NYSE
BIT,NYSE
BITF,NASDAQ
BIVI,NASDAQ
BIVIW,NASDAQ
BJ,NYSE
BJDX,NASDAQ
BJRI,NASDAQ
BK,NYSE
BK$K,NYSE
BKD,NYSE
BKE,NYSE
BKH,NYSE
BKHA,NASDAQ
BKHAR,NASDAQ
BKHAU,NASDAQ
BKKT,NYSE
BKKT.W,NYSE
BKN,NYSE
BKNG,NASDAQ
BKR,NASDAQ
BKSY,NYSE
BKSY.W,NYSE
BKT,NYSE
BKTI,NYSE
BKU,NYSE
BKV,NYSE
BL,NASDAQ
BLBD,NASDAQ
BLBX,NASDAQ
BLCO,NYSE
BLD,NYSE
BLDP,NASDAQ
BLDR,NYSE
BLE,NYSE
BLFS,NASDAQ
BLFY,NASDAQ
BLIN,NASDAQ
BLIV,NASDAQ
BLK,NYSE
BLKB,NASDAQ
BLMN,NASDAQ
BLND,NYSE
BLNE,NASDAQ
BLNK,NASDAQ
BLRX,NASDAQ
BLSH,NYSE
BLTE,NASDAQ
BLUW,NASDAQ
BLUWU,NASDAQ
BLUWW,NASDAQ
BLW,NYSE
BLX,NYSE
BLZE,NASDAQ
BLZR,NASDAQ
BLZRU,NASDAQ
BLZRW,NASDAQ
BMA,NYSE
BMBL,NASDAQ
BME,NYSE
BMEA,NASDAQ
BMEZ,NYSE
BMGL,NASDAQ
BMHL,NASDAQ
BMI,NYSE
BML$G,NYSE
BML$H,NYSE
BML$J,NYSE
BML$L,NYSE
BMN,NYSE
BMNR,NYSE
BMO,NYSE
BMR,NASDAQ
BMRA,NASDAQ
BMRC,NASDAQ
BMRN,NASDAQ
BMY,NYSE
BN,NYSE
BNAIW,NASDAQ
BNBX,NASDAQ
BNC,NASDAQ
BNCWW,NASDAQ
BNED,NYSE
BNGO,NASDAQ
BNH,NYSE
BNJ,NYSE
BNL,NYSE
BNR,NASDAQ
BNRG,NASDAQ
BNS,NYSE
BNT,NYSE
BNTC,NASDAQ
BNTX,NASDAQ
BNY,NYSE
BNZI,NASDAQ
BNZIW,NASDAQ
BOC,NYSE
BODI,NASDAQ
BOE,NYSE
BOF,NASDAQ
BOH,NYSE
BOH$A,NYSE
BOH$B,NYSE
BOKF,NASDAQ
BOLD,NASDAQ
BOLT,NASDAQ
BON,NASDAQ
BOOM,NASDAQ
BOOT,NYSE
BORR,NYSE
BOSC,NASDAQ
BOTJ,NASDAQ
BOW,NYSE
BOX,NYSE
BOXL,NASDAQ
BP,NYSE
BPOP,NASDAQ
BPOPM,NASDAQ
BPRN,NASDAQ
BPYPM,NASDAQ
BPYPN,NASDAQ
BPYPO,NASDAQ
BPYPP,NASDAQ
BQ,NYSE
BR,NYSE
BRAG,NASDAQ
BRBI,NASDAQ
BRBR,NYSE
BRBS,NYSE
BRC,NYSE
BRCB,NASDAQ
BRCC,NYSE
BRFH,NASDAQ
BRIA,NYSE
BRID,NASDAQ
BRK.A,NYSE
BRK.B,NYSE
BRKR,NASDAQ
BRKRP,NASDAQ
BRLT,NASDAQ
BRN,NYSE
BRNS,NASDAQ
BRO,NYSE
BROS,NYSE
BRR,NASDAQ
BRRWU,NASDAQ
BRRWW,NASDAQ
BRSL,NYSE
BRSP,NYSE
BRT,NYSE
BRTX,NASDAQ
BRW,NYSE
BRX,NYSE
BRY,NASDAQ
BRZE,NASDAQ
BSAA,NASDAQ
BSAAR,NASDAQ
BSAAU,NASDAQ
BSAC,NYSE
BSBK,NASDAQ
BSBR,NYSE
BSET,NASDAQ
BSL,NYSE
BSM,NYSE
BSRR,NASDAQ
BST,NYSE
BSTZ,NYSE
BSVN,NASDAQ
BSX,NYSE
BSY,NASDAQ
BTA,NYSE
BTAI,NASDAQ
BTBD,NASDAQ
BTBDW,NASDAQ
BTBT,NASDAQ
BTCS,NASDAQ
BTCT,NASDAQ
BTDR,NASDAQ
BTE,NYSE
BTG,NYSE
BTI,NYSE
BTM,NASDAQ
BTMD,NASDAQ
BTMWW,NASDAQ
BTO,NYSE
BTOC,NASDAQ
BTQ,NASDAQ
BTSG,NASDAQ
BTSGU,NASDAQ
BTT,NYSE
BTTC,NASDAQ
BTU,NYSE
BTX,NYSE
BTZ,NYSE
BUD,NYSE
BUI,NYSE
BULL,NASDAQ
BULLW,NASDAQ
BUR,NYSE
BURL,NYSE
BURU,NYSE
BUSE,NASDAQ
BUSEP,NASDAQ
BUUU,NASDAQ
BV,NYSE
BVFL,NASDAQ
BVN,NYSE
BVS,NASDAQ
BW,NYSE
BW$A,NYSE
BWA,NYSE
BWAY,NASDAQ
BWB,NASDAQ
BWBBP,NASDAQ
BWEN,NASDAQ
BWFG,NASDAQ
BWG,NYSE
BWIN,NASDAQ
BWLP,NYSE
BWMN,NASDAQ
BWMX,NYSE
BWNB,NYSE
BWSN,NYSE
BWXT,NYSE
BX,NYSE
BXC,NYSE
BXMT,NYSE
BXMX,NYSE
BXP,NYSE
BXSL,NYSE
BY,NYSE
BYD,NYSE
BYFC,NASDAQ
BYM,NYSE
BYND,NASDAQ
BYRN,NASDAQ
BYSI,NASDAQ
BZ,NASDAQ
BZAI,NASDAQ
BZAIW,NASDAQ
BZFD,NASDAQ
BZFDW,NASDAQ
BZH,NYSE
BZUN,NASDAQ
C,NYSE
C$N,NYSE
CAAP,NYSE
CAAS,NASDAQ
CABA,NASDAQ
CABO,NYSE
CAC,NASDAQ
CACC,NASDAQ
CACI,NYSE
CADE,NYSE
CADE$A,NYSE
CADL,NASDAQ
CAE,NYSE
CAEP,NASDAQ
CAF,NYSE
CAG,NYSE
CAH,NYSE
CAI,NASDAQ
CAKE,NASDAQ
CAL,NYSE
CALC,NASDAQ
CALM,NASDAQ
CALX,NYSE
CAMP,NASDAQ
CAMT,NASDAQ
CAN,NASDAQ
CANF,NYSE
CANG,NYSE
CAPL,NYSE
CAPN,NASDAQ
CAPNR,NASDAQ
CAPNU,NASDAQ
CAPR,NASDAQ
CAPS,NASDAQ
CAPT,NASDAQ
CAPTW,NASDAQ
CAR,NASDAQ
CARE,NASDAQ
CARG,NASDAQ
CARL,NASDAQ
CARR,NYSE
CARS,NYSE
CART,NASDAQ
CARV,NASDAQ
CASH,NASDAQ
CASS,NASDAQ
CASY,NASDAQ
CAT,NYSE
CATO,NYSE
CATX,NYSE
CATY,NASDAQ
CAVA,NYSE
CB,NYSE
CBAN,NYSE
CBFV,NASDAQ
CBIO,NASDAQ
CBK,NASDAQ
CBL,NYSE
CBLL,NASDAQ
CBNA,NYSE
CBNK,NASDAQ
CBOE,NYSE
CBRE,NYSE
CBRL,NASDAQ
CBSH,NASDAQ
CBT,NYSE
CBU,NYSE
CBUS,NASDAQ
CBZ,NYSE
CC,NYSE
CCAP,NASDAQ
CCB,NASDAQ
CCBG,NASDAQ
CCC,NASDAQ
CCCC,NASDAQ
CCCX,NASDAQ
CCCXU,NASDAQ
CCCXW,NASDAQ
CCD,NASDAQ
CCEC,NASDAQ
CCEL,NYSE
CCEP,NASDAQ
CCG,NASDAQ
CCGWW,NASDAQ
CCHH,NASDAQ
CCI,NYSE
CCID,NYSE
CCIF,NYSE
CCII,NASDAQ
CCIIU,NASDAQ
CCIIW,NASDAQ
CCIX,NASDAQ
CCIXU,NASDAQ
CCIXW,NASDAQ
CCJ,NYSE
CCK,NYSE
CCL,NYSE
CCLD,NASDAQ
CCLDO,NASDAQ
CCM,NYSE
CCNE,NASDAQ
CCNEP,NASDAQ
CCO,NYSE
CCOI,NASDAQ
CCRN,NASDAQ
CCS,NYSE
CCSI,NASDAQ
CCTG,NASDAQ
CCU,NYSE
CCZ,NYSE
CDE,NYSE
CDIO,NASDAQ
CDIOW,NASDAQ
CDLR,NYSE
CDLX,NASDAQ
CDNA,NASDAQ
CDNS,NASDAQ
CDP,NYSE
CDR$B,NYSE
CDR$C,NYSE
CDRE,NYSE
CDRO,NASDAQ
CDROW,NASDAQ
CDT,NASDAQ
CDTTW,NASDAQ
CDTX,NASDAQ
CDW,NASDAQ
CDXS,NASDAQ
CDZI,NASDAQ
CDZIP,NASDAQ
CE,NYSE
CECO,NASDAQ
CEE,NYSE
CEG,NASDAQ
CELC,NASDAQ
CELG.R,NYSE
CELH,NASDAQ
CELU,NASDAQ
CELUW,NASDAQ
CELZ,NASDAQ
CENT,NASDAQ
CENTA,NASDAQ
CENX,NASDAQ
CEP,NASDAQ
CEPF,NASDAQ
CEPO,NASDAQ
CEPT,NASDAQ
CEPU,NYSE
CEPV,NASDAQ
CERS,NASDAQ
CERT,NASDAQ
CET,NYSE
CETX,NASDAQ
CETY,NASDAQ
CEV,NYSE
CEVA,NASDAQ
CF,NYSE
CFBK,NASDAQ
CFFI,NASDAQ
CFFN,NASDAQ
CFG,NYSE
CFG$E,NYSE
CFG$H,NYSE
CFG$I,NYSE
CFLT,NASDAQ
CFND,NYSE
CFR,NYSE
CFR$B,NYSE
CG,NASDAQ
CGABL,NASDAQ
CGAU,NYSE
CGBD,NASDAQ
CGBDL,NASDAQ
CGC,NASDAQ
CGCT,NASDAQ
CGCTU,NASDAQ
CGCTW,NASDAQ
CGEM,NASDAQ
CGEN,NASDAQ
CGNT,NASDAQ
CGNX,NASDAQ
CGO,NASDAQ
CGON,NASDAQ
CGTX,NASDAQ
CHA,NASDAQ
CHAC,NASDAQ
CHACR,NASDAQ
CHACU,NASDAQ
CHAI,NASDAQ
CHAR,NASDAQ
CHARR,NASDAQ
CHARU,NASDAQ
CHCI,NASDAQ
CHCO,NASDAQ
CHCT,NYSE
CHD,NYSE
CHDN,NASDAQ
CHE,NYSE
CHECU,NASDAQ
CHEF,NASDAQ
CHGG,NYSE
CHH,NYSE
CHI,NASDAQ
CHKP,NASDAQ
CHMG,NASDAQ
CHMI,NYSE
CHMI$A,NYSE
CHMI$B,NYSE
CHNR,NASDAQ
CHOW,NYSE
CHPG,NASDAQ
CHPGR,NASDAQ
CHPGU,NASDAQ
CHPT,NYSE
CHRD,NASDAQ
CHRS,NASDAQ
CHRW,NASDAQ
CHSCL,NASDAQ
CHSCM,NASDAQ
CHSCN,NASDAQ
CHSCO,NASDAQ
CHSCP,NASDAQ
CHSN,NASDAQ
CHT,NYSE
CHTR,NASDAQ
CHW,NASDAQ
CHWY,NYSE
CHY,NASDAQ
CHYM,NASDAQ
CI,NYSE
CIA,NYSE
CIB,NYSE
CICB,NYSE
CIEN,NYSE
CIF,NYSE
CIFR,NASDAQ
CIFRW,NASDAQ
CIG,NYSE
CIG.C,NYSE
CIGI,NASDAQ
CIGL,NASDAQ
CII,NYSE
CIIT,NASDAQ
CIK,NYSE
CIM,NYSE
CIM$A,NYSE
CIM$B,NYSE
CIM$C,NYSE
CIM$D,NYSE
CIMN,NYSE
CIMO,NYSE
CIMP,NYSE
CINF,NASDAQ
CING,NASDAQ
CINGW,NASDAQ
CINT,NYSE
CIO,NYSE
CIO$A,NYSE
CION,NYSE
CISO,NASDAQ
CISS,NASDAQ
CIVB,NASDAQ
CIVI,NYSE
CIX,NYSE
CJMB,NASDAQ
CKX,NYSE
CL,NYSE
CLAR,NASDAQ
CLB,NYSE
CLBK,NASDAQ
CLBT,NASDAQ
CLCO,NYSE
CLDI,NYSE
CLDT,NYSE
CLDT$A,NYSE
CLDX,NASDAQ
CLF,NYSE
CLFD,NASDAQ
CLGN,NASDAQ
CLH,NYSE
CLIK,NASDAQ
CLLS,NASDAQ
CLM,NYSE
CLMB,NASDAQ
CLMT,NASDAQ
CLNE,NASDAQ
CLNN,NASDAQ
CLNNW,NASDAQ
CLOV,NASDAQ
CLPR,NYSE
CLPS,NASDAQ
CLPT,NASDAQ
CLRB,NASDAQ
CLRO,NASDAQ
CLS,NYSE
CLSK,NASDAQ
CLSKW,NASDAQ
CLST,NASDAQ
CLVT,NYSE
CLW,NYSE
CLWT,NASDAQ
CLX,NYSE
CLYM,NASDAQ
CM,NYSE
CMA,NYSE
CMA$B,NYSE
CMBM,NASDAQ
CMBT,NYSE
CMC,NYSE
CMCL,NYSE
CMCM,NYSE
CMCO,NASDAQ
CMCSA,NASDAQ
CMCT,NASDAQ
CMDB,NYSE
CME,NASDAQ
CMG,NYSE
CMI,NYSE
CMMB,NASDAQ
CMND,NASDAQ
CMP,NYSE
CMPO,NYSE
CMPOW,NASDAQ
CMPR,NASDAQ
CMPS,NASDAQ
CMPX,NASDAQ
CMRC,NASDAQ
CMRE,NYSE
CMRE$B,NYSE
CMRE$C,NYSE
CMRE$D,NYSE
CMS,NYSE
CMS$B,NYSE
CMS$C,NYSE
CMSA,NYSE
CMSC,NYSE
CMSD,NYSE
CMT,NYSE
CMTG,NYSE
CMTL,NASDAQ
CMU,NYSE
CNA,NYSE
CNC,NYSE
CNCK,NASDAQ
CNCKW,NASDAQ
CNDT,NASDAQ
CNET,NASDAQ
CNEY,NASDAQ
CNF,NYSE
CNH,NYSE
CNI,NYSE
CNK,NYSE
CNL,NYSE
CNM,NYSE
CNMD,NYSE
CNNE,NYSE
CNO,NYSE
CNO$A,NYSE
CNOB,NASDAQ
CNOBP,NASDAQ
CNP,NYSE
CNQ,NYSE
CNR,NYSE
CNS,NYSE
CNSP,NASDAQ
CNTA,NASDAQ
CNTB,NASDAQ
CNTX,NASDAQ
CNTY,NASDAQ
CNVS,NASDAQ
CNX,NYSE
CNXC,NASDAQ
CNXN,NASDAQ
COCO,NASDAQ
COCP,NASDAQ
CODA,NASDAQ
CODI,NYSE
CODI$A,NYSE
CODI$B,NYSE
CODI$C,NYSE
COE,NYSE
COEP,NASDAQ
COEPW,NASDAQ
COF,NYSE
COF$I,NYSE
COF$J,NYSE
COF$K,NYSE
COF$L,NYSE
COF$N,NYSE
COFS,NASDAQ
COGT,NASDAQ
COHN,NYSE
COHR,NYSE
COHU,NASDAQ
COIN,NASDAQ
COKE,NASDAQ
COLA,NASDAQ
COLAR,NASDAQ
COLAU,NASDAQ
COLB,NASDAQ
COLD,NYSE
COLL,NASDAQ
COLM,NASDAQ
COMM,NASDAQ
COMP,NYSE
CON,NYSE
COO,NASDAQ
COOK,NYSE
COOT,NASDAQ
COOTW,NASDAQ
COP,NYSE
COPL,NYSE
COPL.U,NYSE
COPL.W,NYSE
COR,NYSE
CORT,NASDAQ
CORZ,NASDAQ
CORZW,NASDAQ
CORZZ,NASDAQ
COSM,NASDAQ
COSO,NYSE
COST,NASDAQ
COTY,NYSE
COUR,NYSE
COYA,NASDAQ
CP,NYSE
CPA,NYSE
CPAC,NYSE
CPAY,NYSE
CPB,NASDAQ
CPBI,NASDAQ
CPF,NYSE
CPHC,NASDAQ
CPHI,NYSE
CPIX,NASDAQ
CPK,NYSE
CPNG,NYSE
CPOP,NASDAQ
CPRI,NYSE
CPRT,NASDAQ
CPRX,NASDAQ
CPS,NYSE
CPSH,NASDAQ
CPSS,NASDAQ
CPT,NYSE
CPZ,NASDAQ
CQP,NYSE
CR,NYSE
CRAI,NASDAQ
CRAQ,NASDAQ
CRAQR,NASDAQ
CRAQU,NASDAQ
CRBD,NYSE
CRBG,NYSE
CRBP,NASDAQ
CRBU,NASDAQ
CRC,NYSE
CRCL,NYSE
CRCT,NASDAQ
CRD.A,NYSE
CRD.B,NYSE
CRDF,NASDAQ
CRDL,NASDAQ
CRDO,NASDAQ
CREG,NASDAQ
CRESW,NASDAQ
CRESY,NASDAQ
CREV,NASDAQ
CREVW,NASDAQ
CREX,NASDAQ
CRF,NYSE
CRGO,NASDAQ
CRGOW,NASDAQ
CRGY,NYSE
CRH,NYSE
CRI,NYSE
CRK,NYSE
CRL,NYSE
CRM,NYSE
CRMD,NASDAQ
CRML,NASDAQ
CRMLW,NASDAQ
CRMT,NASDAQ
CRNC,NASDAQ
CRNT,NASDAQ
CRNX,NASDAQ
CRON,NASDAQ
CROX,NASDAQ
CRS,NYSE
CRSP,NASDAQ
CRSR,NASDAQ
CRT,NYSE
CRTO,NASDAQ
CRUS,NASDAQ
CRVL,NASDAQ
CRVO,NASDAQ
CRVS,NASDAQ
CRWD,NASDAQ
CRWS,NASDAQ
CRWV,NASDAQ
CSAI,NASDAQ
CSAN,NYSE
CSBR,NASDAQ
CSCO,NASDAQ
CSGP,NASDAQ
CSGS,NASDAQ
CSIQ,NASDAQ
CSL,NYSE
CSPI,NASDAQ
CSQ,NASDAQ
CSR,NYSE
CSTE,NASDAQ
CSTL,NASDAQ
CSTM,NYSE
CSV,NYSE
CSW,NYSE
CSWC,NASDAQ
CSX,NASDAQ
CTA$A,NYSE
CTA$B,NYSE
CTAS,NASDAQ
CTBB,NYSE
CTBI,NASDAQ
CTDD,NYSE
CTEV,NYSE
CTGO,NYSE
CTKB,NASDAQ
CTLP,NASDAQ
CTM,NYSE
CTMX,NASDAQ
CTNM,NASDAQ
CTNT,NASDAQ
CTO,NYSE
CTO$A,NYSE
CTOR,NASDAQ
CTOS,NYSE
CTRA,NYSE
CTRE,NYSE
CTRI,NYSE
CTRM,NASDAQ
CTRN,NASDAQ
CTS,NYSE
CTSH,NASDAQ
CTVA,NYSE
CTW,NASDAQ
CTXR,NASDAQ
CUB,NASDAQ
CUBB,NYSE
CUBE,NYSE
CUBI,NYSE
CUBI$F,NYSE
CUBWU,NASDAQ
CUBWW,NASDAQ
CUK,NYSE
CULP,NYSE
CUPR,NASDAQ
CURB,NYSE
CURI,NASDAQ
CURR,NASDAQ
CURV,NYSE
CURX,NASDAQ
CUZ,NYSE
CV,NASDAQ
CVAC,NASDAQ
CVBF,NASDAQ
CVCO,NASDAQ
CVE,NYSE
CVE.W,NYSE
CVEO,NYSE
CVGI,NASDAQ
CVGW,NASDAQ
CVI,NYSE
CVKD,NASDAQ
CVLG,NYSE
CVLT,NASDAQ
CVM,NYSE
CVNA,NYSE
CVR,NYSE
CVRX,NASDAQ
CVS,NYSE
CVU,NYSE
CVV,NASDAQ
CVX,NYSE
CW,NYSE
CWAN,NYSE
CWBC,NASDAQ
CWCO,NASDAQ
CWEN,NYSE
CWEN.A,NYSE
CWH,NYSE
CWK,NYSE
CWST,NASDAQ
CWT,NYSE
CX,NYSE
CXAIW,NASDAQ
CXDO,NASDAQ
CXE,NYSE
CXH,NYSE
CXM,NYSE
CXT,NYSE
CXW,NYSE
CYBN,NYSE
CYBR,NASDAQ
CYCN,NASDAQ
CYCUW,NASDAQ
CYD,NYSE
CYH,NYSE
CYN,NASDAQ
CYRX,NASDAQ
CYTK,NASDAQ
CZFS,NASDAQ
CZNC,NASDAQ
CZR,NASDAQ
CZWI,NASDAQ
D,NYSE
DAAQ,NASDAQ
DAAQU,NASDAQ
DAAQW,NASDAQ
DAC,NYSE
DAIC,NASDAQ
DAICW,NASDAQ
DAIO,NASDAQ
DAKT,NASDAQ
DAL,NYSE
DAN,NYSE
DAO,NYSE
DAR,NYSE
DARE,NASDAQ
DASH,NASDAQ
DAVA,NYSE
DAVE,NASDAQ
DAVEW,NASDAQ
DAWN,NASDAQ
DAY,NYSE
DB,NYSE
DBD,NYSE
DBGI,NASDAQ
DBI,NYSE
DBL,NYSE
DBRG,NYSE
DBRG$H,NYSE
DBRG$I,NYSE
DBRG$J,NYSE
DBVT,NASDAQ
DBX,NASDAQ
DC,NYSE
DC.W,NYSE
DCBO,NASDAQ
DCGO,NASDAQ
DCI,NYSE
DCO,NYSE
DCOM,NASDAQ
DCOMG,NASDAQ
DCOMP,NASDAQ
DCTH,NASDAQ
DD,NYSE
DDC,NYSE
DDD,NYSE
DDI,NASDAQ
DDL,NYSE
DDOG,NASDAQ
DDS,NYSE
DDT,NYSE
DE,NYSE
DEA,NYSE
DEC,NYSE
DECK,NYSE
DEFT,NASDAQ
DEI,NYSE
DELL,NYSE
DENN,NASDAQ
DEO,NYSE
DERM,NASDAQ
DEVS,NASDAQ
DFDV,NASDAQ
DFH,NYSE
DFIN,NYSE
DFLI,NASDAQ
DFLIW,NASDAQ
DFP,NYSE
DFSC,NASDAQ
DFSCW,NASDAQ
DG,NYSE
DGICA,NASDAQ
DGICB,NASDAQ
DGII,NASDAQ
DGLY,NASDAQ
DGNX,NASDAQ
DGP,NYSE
DGX,NYSE
DGXX,NASDAQ
DGZ,NYSE
DH,NASDAQ
DHAI,NASDAQ
DHAIW,NASDAQ
DHC,NASDAQ
DHCNI,NASDAQ
DHCNL,NASDAQ
DHF,NYSE
DHI,NYSE
DHIL,NASDAQ
DHR,NYSE
DHT,NYSE
DHX,NYSE
DHY,NYSE
DIAX,NYSE
DIBS,NASDAQ
DIN,NYSE
DINO,NYSE
DIOD,NASDAQ
DIS,NYSE
DIT,NYSE
DJCO,NASDAQ
DJP,NYSE
DJT,NASDAQ
DJTWW,NASDAQ
DK,NYSE
DKI,NASDAQ
DKL,NYSE
DKNG,NASDAQ
DKS,NYSE
DLB,NYSE
DLHC,NASDAQ
DLNG,NYSE
DLNG$A,NYSE
DLO,NASDAQ
DLPN,NASDAQ
DLR,NYSE
DLR$J,NYSE
DLR$K,NYSE
DLR$L,NYSE
DLTH,NASDAQ
DLTR,NASDAQ
DLX,NYSE
DLXY,NASDAQ
DLY,NYSE
DMA,NYSE
DMAA,NASDAQ
DMAAR,NASDAQ
DMAAU,NASDAQ
DMAC,NASDAQ
DMB,NYSE
DMIIU,NASDAQ
DMLP,NASDAQ
DMO,NYSE
DMRC,NASDAQ
DNA,NYSE
DNLI,NASDAQ
DNMXU,NASDAQ
DNN,NYSE
DNOW,NYSE
DNP,NYSE
DNTH,NASDAQ
DNUT,NASDAQ
DOC,NYSE
DOCN,NYSE
DOCS,NYSE
DOCU,NASDAQ
DOGZ,NASDAQ
DOLE,NYSE
DOMH,NASDAQ
DOMO,NASDAQ
DOOO,NASDAQ
DORM,NASDAQ
DOUG,NYSE
DOV,NYSE
DOW,NYSE
DOX,NASDAQ
DOYU,NASDAQ
DPG,NYSE
DPRO,NASDAQ
DPZ,NASDAQ
DQ,NYSE
DRD,NYSE
DRDB,NASDAQ
DRDBU,NASDAQ
DRDBW,NASDAQ
DRH,NYSE
DRH$A,NYSE
DRI,NYSE
DRIO,NASDAQ
DRMA,NASDAQ
DRMAW,NASDAQ
DRS,NASDAQ
DRTS,NASDAQ
DRTSW,NASDAQ
DRUG,NASDAQ
DRVN,NASDAQ
DSGN,NASDAQ
DSGR,NASDAQ
DSGX,NASDAQ
DSL,NYSE
DSM,NYSE
DSP,NASDAQ
DSS,NYSE
DSU,NYSE
DSWL,NASDAQ
DSX,NYSE
DSX$B,NYSE
DSX.W,NYSE
DSY,NASDAQ
DSYWW,NASDAQ
DT,NYSE
DTB,NYSE
DTE,NYSE
DTF,NYSE
DTG,NYSE
DTI,NASDAQ
DTIL,NASDAQ
DTK,NYSE
DTM,NYSE
DTSQ,NASDAQ
DTSQR,NASDAQ
DTSQU,NASDAQ
DTSS,NASDAQ
DTST,NASDAQ
DTSTW,NASDAQ
DTW,NYSE
DUK,NYSE
DUK$A,NYSE
DUKB,NYSE
DUO,NASDAQ
DUOL,NASDAQ
DUOT,NASDAQ
DV,NYSE
DVA,NYSE
DVAX,NASDAQ
DVLT,NASDAQ
DVN,NYSE
DVS,NYSE
DWSN,NASDAQ
DWTX,NASDAQ
DX,NYSE
DX$C,NYSE
DXC,NYSE
DXCM,NASDAQ
DXF,NYSE
DXLG,NASDAQ
DXPE,NASDAQ
DXR,NASDAQ
DXST,NASDAQ
DXYZ,NYSE
DY,NYSE
DYAI,NASDAQ
DYN,NASDAQ
DYORU,NASDAQ
DZZ,NYSE
E,NYSE
EA,NASDAQ
EAD,NYSE
EAF,NYSE
EAI,NYSE
EARN,NYSE
EAT,NYSE
EB,NYSE
EBAY,NASDAQ
EBC,NASDAQ
EBF,NYSE
EBMT,NASDAQ
EBON,NASDAQ
EBR,NYSE
EBR.B,NYSE
EBS,NYSE
EC,NYSE
ECAT,NYSE
ECBK,NASDAQ
ECC,NYSE
ECC$D,NYSE
ECCC,NYSE
ECCF,NYSE
ECCU,NYSE
ECCV,NYSE
ECCW,NYSE
ECCX,NYSE
ECF,NYSE
ECF$A,NYSE
ECG,NYSE
ECL,NYSE
ECO,NYSE
ECOR,NASDAQ
ECPG,NASDAQ
ECVT,NYSE
ECX,NASDAQ
ECXWW,NASDAQ
ED,NYSE
EDAP,NASDAQ
EDBL,NASDAQ
EDBLW,NASDAQ
EDD,NYSE
EDF,NYSE
EDIT,NASDAQ
EDN,NYSE
EDRY,NASDAQ
EDSA,NASDAQ
EDTK,NASDAQ
EDU,NYSE
EDUC,NASDAQ
EE,NYSE
EEA,NYSE
EEFT,NASDAQ
EEX,NYSE
EFC,NYSE
EFC$A,NYSE
EFC$B,NYSE
EFC$C,NYSE
EFC$D,NYSE
EFOI,NASDAQ
EFR,NYSE
EFSC,NASDAQ
EFSCP,NASDAQ
EFSI,NASDAQ
EFT,NYSE
EFTY,NASDAQ
EFX,NYSE
EFXT,NYSE
EG,NYSE
EGAN,NASDAQ
EGBN,NASDAQ
EGG,NYSE
EGHA,NASDAQ
EGHAR,NASDAQ
EGHAU,NASDAQ
EGHT,NASDAQ
EGO,NYSE
EGP,NYSE
EGY,NYSE
EH,NASDAQ
EHAB,NYSE
EHC,NYSE
EHI,NYSE
EHLD,NASDAQ
EHTH,NASDAQ
EIC,NYSE
EICA,NYSE
EICB,NYSE
EICC,NYSE
EIG,NYSE
EIIA,NYSE
EIM,NYSE
EIX,NYSE
EJH,NASDAQ
EKSO,NASDAQ
EL,NYSE
ELA,NYSE
ELAB,NASDAQ
ELAN,NYSE
ELBM,NASDAQ
ELC,NYSE
ELDN,NASDAQ
ELF,NYSE
ELLO,NYSE
ELMD,NYSE
ELME,NYSE
ELOG,NASDAQ
ELP,NYSE
ELPC,NYSE
ELS,NYSE
ELSE,NASDAQ
ELTK,NASDAQ
ELTX,NASDAQ
ELUT,NASDAQ
ELV,NYSE
ELVA,NASDAQ
ELVN,NASDAQ
ELVR,NASDAQ
ELWT,NASDAQ
EM,NASDAQ
EMA,NYSE
EMBC,NASDAQ
EMBJ,NYSE
EMD,NYSE
EME,NYSE
EMF,NYSE
EMIS,NASDAQ
EMISR,NASDAQ
EML,NASDAQ
EMN,NYSE
EMO,NYSE
EMP,NYSE
EMPD,NASDAQ
EMPG,NASDAQ
EMR,NYSE
EMX,NYSE
ENB,NYSE
ENGN,NASDAQ
ENGNW,NASDAQ
ENGS,NASDAQ
ENIC,NYSE
ENJ,NYSE
ENLT,NASDAQ
ENLV,NASDAQ
ENO,NYSE
ENOV,NYSE
ENPH,NASDAQ
ENR,NYSE
ENS,NYSE
ENSC,NASDAQ
ENSG,NASDAQ
ENTA,NASDAQ
ENTG,NASDAQ
ENTO,NASDAQ
ENTX,NASDAQ
ENVA,NYSE
ENVX,NASDAQ
EOD,NYSE
EOG,NYSE
EOI,NYSE
EOLS,NASDAQ
EONR,NYSE
EONR.W,NYSE
EOS,NYSE
EOSE,NASDAQ
EOSEW,NASDAQ
EOT,NYSE
EP,NYSE
EP$C,NYSE
EPAC,NYSE
EPAM,NYSE
EPC,NYSE
EPD,NYSE
EPM,NYSE
EPOW,NASDAQ
EPR,NYSE
EPR$C,NYSE
EPR$E,NYSE
EPR$G,NYSE
EPRT,NYSE
EPRX,NASDAQ
EPSM,NASDAQ
EPSN,NASDAQ
EQ,NASDAQ
EQBK,NYSE
EQH,NYSE
EQH$A,NYSE
EQH$C,NYSE
EQIX,NASDAQ
EQNR,NYSE
EQR,NYSE
EQS,NYSE
EQT,NYSE
EQX,NYSE
ERAS,NASDAQ
ERC,NYSE
ERH,NYSE
ERIC,NASDAQ
ERIE,NASDAQ
ERII,NASDAQ
ERNA,NASDAQ
ERO,NYSE
ES,NYSE
ESAB,NYSE
ESBA,NYSE
ESCA,NASDAQ
ESE,NYSE
ESEA,NASDAQ
ESGL,NASDAQ
ESGLW,NASDAQ
ESHA,NASDAQ
ESHAR,NASDAQ
ESI,NYSE
ESLA,NASDAQ
ESLAW,NASDAQ
ESLT,NASDAQ
ESNT,NYSE
ESOA,NASDAQ
ESP,NYSE
ESPR,NASDAQ
ESQ,NASDAQ
ESRT,NYSE
ESS,NYSE
ESTA,NASDAQ
ESTC,NYSE
ET,NYSE
ET$I,NYSE
ETB,NYSE
ETD,NYSE
ETG,NYSE
ETHM,NASDAQ
ETHMU,NASDAQ
ETHMW,NASDAQ
ETHZ,NASDAQ
ETHZW,NASDAQ
ETI$,NYSE
ETJ,NYSE
ETN,NYSE
ETO,NYSE
ETON,NASDAQ
ETOR,NASDAQ
ETR,NYSE
ETS,NASDAQ
ETSY,NYSE
ETV,NYSE
ETW,NYSE
ETX,NYSE
ETY,NYSE
EU,NASDAQ
EUDA,NASDAQ
EUDAW,NASDAQ
EURK,NASDAQ
EURKR,NASDAQ
EURKU,NASDAQ
EVAC,NYSE
EVAC.U,NYSE
EVAC.W,NYSE
EVAX,NASDAQ
EVC,NYSE
EVCM,NASDAQ
EVER,NASDAQ
EVEX,NYSE
EVEX.W,NYSE
EVF,NYSE
EVG,NYSE
EVGN,NASDAQ
EVGO,NASDAQ
EVGOW,NASDAQ
EVH,NYSE
EVI,NYSE
EVLV,NASDAQ
EVLVW,NASDAQ
EVN,NYSE
EVO,NASDAQ
EVOK,NASDAQ
EVR,NYSE
EVRG,NASDAQ
EVT,NYSE
EVTC,NYSE
EVTL,NYSE
EVTV,NASDAQ
EVV,NYSE
EW,NYSE
EWBC,NASDAQ
EWCZ,NASDAQ
EWTX,NASDAQ
EXAS,NASDAQ
EXC,NASDAQ
EXE,NASDAQ
EXEEL,NASDAQ
EXEEW,NASDAQ
EXEEZ,NASDAQ
EXEL,NASDAQ
EXFY,NASDAQ
EXG,NYSE
EXK,NYSE
EXLS,NASDAQ
EXOD,NYSE
EXOZ,NASDAQ
EXP,NYSE
EXPD,NYSE
EXPE,NASDAQ
EXPI,NASDAQ
EXPO,NASDAQ
EXR,NYSE
EXTR,NASDAQ
EYE,NASDAQ
EYPT,NASDAQ
EZPW,NASDAQ
F,NYSE
F$B,NYSE
F$C,NYSE
F$D,NYSE
FA,NASDAQ
FACT,NASDAQ
FACTU,NASDAQ
FACTW,NASDAQ
FAF,NYSE
FAMI,NASDAQ
FANG,NASDAQ
FARM,NASDAQ
FAST,NASDAQ
FAT,NASDAQ
FATBB,NASDAQ
FATBP,NASDAQ
FATE,NASDAQ
FATN,NASDAQ
FAX,NYSE
FBIN,NYSE
FBIO,NASDAQ
FBIOP,NASDAQ
FBIZ,NASDAQ
FBK,NYSE
FBLA,NASDAQ
FBNC,NASDAQ
FBP,NYSE
FBRT,NYSE
FBRT$E,NYSE
FBRX,NASDAQ
FBYD,NASDAQ
FBYDW,NASDAQ
FC,NYSE
FCAP,NASDAQ
FCBC,NASDAQ
FCCO,NASDAQ
FCEL,NASDAQ
FCF,NYSE
FCFS,NASDAQ
FCHL,NASDAQ
FCN,NYSE
FCNCA,NASDAQ
FCNCO,NASDAQ
FCNCP,NASDAQ
FCO,NYSE
FCPT,NYSE
FCRS.U,NYSE
FCRX,NYSE
FCT,NYSE
FCX,NYSE
FDBC,NASDAQ
FDMT,NASDAQ
FDP,NYSE
FDS,NYSE
FDSB,NASDAQ
FDUS,NASDAQ
FDX,NYSE
FE,NYSE
FEAM,NASDAQ
FEDU,NYSE
FEIM,NASDAQ
FELE,NASDAQ
FENC,NASDAQ
FENG,NYSE
FER,NASDAQ
FERA,NASDAQ
FERAR,NASDAQ
FERAU,NASDAQ
FERG,NYSE
FET,NYSE
FF,NYSE
FFA,NYSE
FFAI,NASDAQ
FFAIW,NASDAQ
FFBC,NASDAQ
FFC,NYSE
FFIC,NASDAQ
FFIN,NASDAQ
FFIV,NASDAQ
FFWM,NYSE
FG,NYSE
FGBI,NASDAQ
FGBIP,NASDAQ
FGEN,NASDAQ
FGI,NASDAQ
FGIWW,NASDAQ
FGL,NASDAQ
FGMC,NASDAQ
FGMCR,NASDAQ
FGMCU,NASDAQ
FGN,NYSE
FGNX,NASDAQ
FGNXP,NASDAQ
FGSN,NYSE
FHB,NASDAQ
FHI,NYSE
FHN,NYSE
FHN$C,NYSE
FHN$E,NYSE
FHN$F,NYSE
FHTX,NASDAQ
FI,NYSE
FIBK,NASDAQ
FICO,NYSE
FIEE,NASDAQ
FIG,NYSE
FIGR,NASDAQ
FIGS,NYSE
FIGX,NASDAQ
FIGXU,NASDAQ
FIGXW,NASDAQ
FIHL,NYSE
FINS,NYSE
FINV,NYSE
FINW,NASDAQ
FIP,NASDAQ
FIS,NYSE
FISI,NASDAQ
FISK,NYSE
FITB,NASDAQ
FITBI,NASDAQ
FITBO,NASDAQ
FITBP,NASDAQ
FIVE,NASDAQ
FIVN,NASDAQ
FIX,NYSE
FIZZ,NASDAQ
FKWL,NASDAQ
FLC,NYSE
FLD,NASDAQ
FLDDW,NASDAQ
FLEX,NASDAQ
FLG,NYSE
FLG$A,NYSE
FLG$U,NYSE
FLGT,NASDAQ
FLL,NASDAQ
FLNC,NASDAQ
FLNG,NYSE
FLNT,NASDAQ
FLO,NYSE
FLOC,NYSE
FLR,NYSE
FLS,NYSE
FLUT,NYSE
FLUX,NASDAQ
FLWS,NASDAQ
FLX,NASDAQ
FLXS,NASDAQ
FLY,NASDAQ
FLYE,NASDAQ
FLYW,NASDAQ
FLYX,NYSE
FLYX.W,NYSE
FMAO,NASDAQ
FMBH,NASDAQ
FMC,NYSE
FMFC,NASDAQ
FMN,NYSE
FMNB,NASDAQ
FMS,NYSE
FMST,NASDAQ
FMSTW,NASDAQ
FMX,NYSE
FMY,NYSE
FN,NYSE
FNB,NYSE
FND,NYSE
FNF,NYSE
FNGD,NYSE
FNGO,NYSE
FNGR,NASDAQ
FNKO,NASDAQ
FNLC,NASDAQ
FNV,NYSE
FNWB,NASDAQ
FNWD,NASDAQ
FOA,NYSE
FOF,NYSE
FOFO,NASDAQ
FOLD,NASDAQ
FONR,NASDAQ
FOR,NYSE
FORA,NASDAQ
FORD,NASDAQ
FORM,NASDAQ
FORR,NASDAQ
FORTY,NASDAQ
FOSL,NASDAQ
FOSLL,NASDAQ
FOUR,NYSE
FOUR$A,NYSE
FOX,NASDAQ
FOXA,NASDAQ
FOXF,NASDAQ
FOXX,NASDAQ
FOXXW,NASDAQ
FPF,NYSE
FPH,NYSE
FPI,NYSE
FR,NYSE
FRA,NYSE
FRAF,NASDAQ
FRBA,NASDAQ
FRD,NASDAQ
FRGE,NYSE
FRGT,NASDAQ
FRHC,NASDAQ
FRME,NASDAQ
FRMEP,NASDAQ
FRMI,NASDAQ
FRO,NYSE
FROG,NASDAQ
FRPH,NASDAQ
FRPT,NASDAQ
FRSH,NASDAQ
FRST,NASDAQ
FRSX,NASDAQ
FRT,NYSE
FRT$C,NYSE
FSBC,NASDAQ
FSBW,NASDAQ
FSCO,NYSE
FSEA,NASDAQ
FSFG,NASDAQ
FSHP,NASDAQ
FSHPR,NASDAQ
FSHPU,NASDAQ
FSI,NYSE
FSK,NYSE
FSLR,NASDAQ
FSLY,NYSE
FSM,NYSE
FSP,NYSE
FSS,NYSE
FSTR,NASDAQ
FSUN,NASDAQ
FSV,NASDAQ
FT,NYSE
FTAI,NASDAQ
FTAIM,NASDAQ
FTAIN,NASDAQ
FTCI,NASDAQ
FTDR,NASDAQ
FTEK,NASDAQ
FTEL,NASDAQ
FTF,NYSE
FTFT,NASDAQ
FTHM,NASDAQ
FTHY,NYSE
FTI,NYSE
FTK,NYSE
FTLF,NASDAQ
FTNT,NASDAQ
FTRE,NASDAQ
FTS,NYSE
FTV,NYSE
FTW,NYSE
FTW.U,NYSE
FTW.W,NYSE
FUBO,NYSE
FUFU,NASDAQ
FUFUW,NASDAQ
FUL,NYSE
FULC,NASDAQ
FULT,NASDAQ
FULTP,NASDAQ
FUN,NYSE
FUNC,NASDAQ
FUND,NASDAQ
FURY,NYSE
FUSB,NASDAQ
FUSE,NASDAQ
FUSEW,NASDAQ
FUTU,NASDAQ
FVCB,NASDAQ
FVN,NASDAQ
FVNNR,NASDAQ
FVNNU,NASDAQ
FVR,NYSE
FVRR,NYSE
FWONA,NASDAQ
FWONK,NASDAQ
FWRD,NASDAQ
FWRG,NASDAQ
FXNC,NASDAQ
FYBR,NASDAQ
G,NYSE
GAB,NYSE
GAB$G,NYSE
GAB$H,NYSE
GAB$K,NYSE
GABC,NASDAQ
GAIA,NASDAQ
GAIN,NASDAQ
GAINI,NASDAQ
GAINL,NASDAQ
GAINN,NASDAQ
GAINZ,NASDAQ
GALT,NASDAQ
GAM,NYSE
GAM$B,NYSE
GAMB,NASDAQ
GANX,NASDAQ
GAP,NYSE
GASS,NASDAQ
GATX,NYSE
GAU,NYSE
GAUZ,NASDAQ
GBAB,NYSE
GBCI,NYSE
GBDC,NASDAQ
GBFH,NASDAQ
GBIO,NASDAQ
GBLI,NASDAQ
GBR,NYSE
GBTG,NYSE
GBX,NYSE
GCBC,NASDAQ
GCI,NYSE
GCL,NASDAQ
GCLWW,NASDAQ
GCMG,NASDAQ
GCMGW,NASDAQ
GCO,NYSE
GCT,NASDAQ
GCTK,NASDAQ
GCTS,NYSE
GCTS.W,NYSE
GCV,NYSE
GD,NYSE
GDC,NASDAQ
GDDY,NYSE
GDEN,NASDAQ
GDEV,NASDAQ
GDEVW,NASDAQ
GDHG,NASDAQ
GDL,NYSE
GDO,NYSE
GDOT,NYSE
GDRX,NASDAQ
GDS,NASDAQ
GDTC,NASDAQ
GDV,NYSE
GDV$H,NYSE
GDV$K,NYSE
GDYN,NASDAQ
GE,NYSE
GECC,NASDAQ
GECCG,NASDAQ
GECCH,NASDAQ
GECCI,NASDAQ
GECCO,NASDAQ
GEF,NYSE
GEF.B,NYSE
GEG,NASDAQ
GEGGL,NASDAQ
GEHC,NASDAQ
GEL,NYSE
GELS,NASDAQ
GEMI,NASDAQ
GEN,NASDAQ
GENC,NYSE
GENI,NYSE
GENK,NASDAQ
GENVR,NASDAQ
GEO,NYSE
GEOS,NASDAQ
GERN,NASDAQ
GES,NYSE
GETY,NYSE
GEV,NYSE
GEVO,NASDAQ
GF,NYSE
GFAI,NASDAQ
GFAIW,NASDAQ
GFF,NYSE
GFI,NYSE
GFL,NYSE
GFR,NYSE
GFS,NASDAQ
GGAL,NASDAQ
GGB,NYSE
GGG,NYSE
GGN,NYSE
GGN$B,NYSE
GGR,NASDAQ
GGROW,NASDAQ
GGT,NYSE
GGT$E,NYSE
GGT$G,NYSE
GGZ,NYSE
GH,NASDAQ
GHC,NYSE
GHG,NYSE
GHI,NYSE
GHLD,NYSE
GHM,NYSE
GHRS,NASDAQ
GHY,NYSE
GIB,NYSE
GIBO,NASDAQ
GIBOW,NASDAQ
GIC,NYSE
GIFI,NASDAQ
GIFT,NASDAQ
GIG,NASDAQ
GIGGU,NASDAQ
GIGGW,NASDAQ
GIGM,NASDAQ
GIII,NASDAQ
GIL,NYSE
GILD,NASDAQ
GILT,NASDAQ
GIS,NYSE
GITS,NASDAQ
GIW,NASDAQ
GIWWR,NASDAQ
GIWWU,NASDAQ
GJH,NYSE
GJO,NYSE
GJP,NYSE
GJR,NYSE
GJS,NYSE
GJT,NYSE
GKOS,NYSE
GL,NYSE
GL$D,NYSE
GLAD,NASDAQ
GLBE,NASDAQ
GLBS,NASDAQ
GLBZ,NASDAQ
GLDD,NASDAQ
GLDG,NYSE
GLIBA,NASDAQ
GLIBK,NASDAQ
GLMD,NASDAQ
GLNG,NASDAQ
GLO,NYSE
GLOB,NYSE
GLOP$A,NYSE
GLOP$B,NYSE
GLOP$C,NYSE
GLP,NYSE
GLP$B,NYSE
GLPG,NASDAQ
GLPI,NASDAQ
GLQ,NYSE
GLRE,NASDAQ
GLSI,NASDAQ
GLTO,NASDAQ
GLU,NYSE
GLU$A,NYSE
GLU$B,NYSE
GLUE,NASDAQ
GLV,NYSE
GLW,NYSE
GLXG,NASDAQ
GLXY,NASDAQ
GM,NYSE
GMAB,NASDAQ
GME,NYSE
GME.W,NYSE
GMED,NYSE
GMGI,NASDAQ
GMHS,NASDAQ
GMM,NASDAQ
GMRE,NYSE
GMRE$A,NYSE
GNE,NYSE
GNFT,NASDAQ
GNK,NYSE
GNL,NYSE
GNL$A,NYSE
GNL$B,NYSE
GNL$D,NYSE
GNL$E,NYSE
GNLN,NASDAQ
GNLX,NASDAQ
GNRC,NYSE
GNS,NYSE
GNSS,NASDAQ
GNT,NYSE
GNT$A,NYSE
GNTA,NASDAQ
GNTX,NASDAQ
GNW,NYSE
GO,NASDAQ
GOCO,NASDAQ
GOF,NYSE
GOGO,NASDAQ
GOLF,NYSE
GOOD,NASDAQ
GOODN,NASDAQ
GOODO,NASDAQ
GOOG,NASDAQ
GOOGL,NASDAQ
GOOS,NYSE
GORO,NYSE
GORV,NASDAQ
GOSS,NASDAQ
GOTU,NYSE
GPAT,NASDAQ
GPATU,NASDAQ
GPATW,NASDAQ
GPC,NYSE
GPCR,NASDAQ
GPI,NYSE
GPJA,NYSE
GPK,NYSE
GPMT,NYSE
GPMT$A,NYSE
GPN,NYSE
GPOR,NYSE
GPRE,NASDAQ
GPRK,NYSE
GPRO,NASDAQ
GPUS,NYSE
GPUS$D,NYSE
GRAB,NASDAQ
GRABW,NASDAQ
GRAF,NYSE
GRAF.U,NYSE
GRAF.W,NYSE
GRAL,NASDAQ
GRAN,NASDAQ
GRBK,NYSE
GRBK$A,NYSE
GRC,NYSE
GRCE,NASDAQ
GRDN,NYSE
GREE,NASDAQ
GREEL,NASDAQ
GRF,NYSE
GRFS,NASDAQ
GRI,NASDAQ
GRMN,NYSE
GRN,NYSE
GRND,NYSE
GRNQ,NASDAQ
GRNT,NYSE
GRO,NYSE
GROV,NYSE
GROW,NASDAQ
GROY,NYSE
GROY.W,NYSE
GRP.U,NYSE
GRPN,NASDAQ
GRRR,NASDAQ
GRRRW,NASDAQ
GRVY,NASDAQ
GRWG,NASDAQ
GRX,NYSE
GS,NYSE
GS$A,NYSE
GS$C,NYSE
GS$D,NYSE
GSAT,NASDAQ
GSBC,NASDAQ
GSBD,NYSE
GSHD,NASDAQ
GSHR,NASDAQ
GSHRU,NASDAQ
GSHRW,NASDAQ
GSIT,NASDAQ
GSK,NYSE
GSL,NYSE
GSL$B,NYSE
GSM,NASDAQ
GSRF,NASDAQ
GSRFR,NASDAQ
GSRFU,NASDAQ
GSUN,NASDAQ
GT,NASDAQ
GTBP,NASDAQ
GTE,NYSE
GTEC,NASDAQ
GTEN,NASDAQ
GTENU,NASDAQ
GTENW,NASDAQ
GTERA,NASDAQ
GTERR,NASDAQ
GTERU,NASDAQ
GTERW,NASDAQ
GTES,NYSE
GTI,NASDAQ
GTIM,NASDAQ
GTLB,NASDAQ
GTLS,NYSE
GTLS$B,NYSE
GTM,NASDAQ
GTN,NYSE
GTN.A,NYSE
GTX,NASDAQ
GTY,NYSE
GUG,NYSE
GUT,NYSE
GUT$C,NYSE
GUTS,NASDAQ
GV,NASDAQ
GVA,NYSE
GVH,NASDAQ
GWAV,NASDAQ
GWH,NYSE
GWH.W,NYSE
GWRE,NYSE
GWRS,NASDAQ
GWW,NYSE
GXAI,NASDAQ
GXO,NYSE
GYRE,NASDAQ
GYRO,NASDAQ
H,NYSE
HAE,NYSE
HAFC,NASDAQ
HAFN,NYSE
HAIN,NASDAQ
HAL,NYSE
HALO,NASDAQ
HAO,NASDAQ
HAS,NASDAQ
HASI,NYSE
HAVAU,NASDAQ
HAYW,NYSE
HBAN,NASDAQ
HBANL,NASDAQ
HBANM,NASDAQ
HBANP,NASDAQ
HBB,NYSE
HBCP,NASDAQ
HBI,NYSE
HBM,NYSE
HBNB,NASDAQ
HBNC,NASDAQ
HBT,NASDAQ
HCA,NYSE
HCAT,NASDAQ
HCC,NYSE
HCHL,NASDAQ
HCI,NYSE
HCKT,NASDAQ
HCM,NASDAQ
HCMA,NASDAQ
HCMAU,NASDAQ
HCMAW,NASDAQ
HCSG,NASDAQ
HCTI,NASDAQ
HCWC,NYSE
HCXY,NYSE
HD,NYSE
HDB,NYSE
HDL,NASDAQ
HDSN,NASDAQ
HE,NYSE
HEI,NYSE
HEI.A,NYSE
HELE,NASDAQ
HEPS,NASDAQ
HEQ,NYSE
HERZ,NASDAQ
HESM,NYSE
HFBL,NASDAQ
HFFG,NASDAQ
HFRO,NYSE
HFRO$A,NYSE
HFRO$B,NYSE
HFWA,NASDAQ
HG,NYSE
HGBL,NASDAQ
HGLB,NYSE
HGTY,NYSE
HGV,NYSE
HHH,NYSE
HHS,NASDAQ
HI,NYSE
HIFS,NASDAQ
HIG,NYSE
HIG$G,NYSE
HIHO,NASDAQ
HII,NYSE
HIMS,NYSE
HIMX,NASDAQ
HIND,NASDAQ
HIO,NYSE
HIPO,NYSE
HIT,NASDAQ
HITI,NASDAQ
HIVE,NASDAQ
HIW,NYSE
HIX,NYSE
HKD,NYSE
HKIT,NASDAQ
HKPD,NASDAQ
HL,NYSE
HL$B,NYSE
HLF,NYSE
HLI,NYSE
HLIO,NYSE
HLIT,NASDAQ
HLLY,NYSE
HLLY.W,NYSE
HLMN,NASDAQ
HLN,NYSE
HLNE,NASDAQ
HLP,NASDAQ
HLT,NYSE
HLX,NYSE
HMC,NYSE
HMN,NYSE
HMR,NASDAQ
HMY,NYSE
HNGE,NYSE
HNI,NYSE
HNNA,NASDAQ
HNNAZ,NASDAQ
HNRG,NASDAQ
HNST,NASDAQ
HNVR,NASDAQ
HOFT,NASDAQ
HOG,NYSE
HOLO,NASDAQ
HOLOW,NASDAQ
HOLX,NASDAQ
HOMB,NYSE
HON,NASDAQ
HOOD,NASDAQ
HOPE,NASDAQ
HOTH,NASDAQ
HOUR,NASDAQ
HOUS,NYSE
HOV,NYSE
HOVNP,NASDAQ
HOVR,NASDAQ
HOVRW,NASDAQ
HOWL,NASDAQ
HP,NYSE
HPAI,NASDAQ
HPAIW,NASDAQ
HPE,NYSE
HPE$C,NYSE
HPF,NYSE
HPI,NYSE
HPK,NASDAQ
HPP,NYSE
HPP$C,NYSE
HPQ,NYSE
HPS,NYSE
HQH,NYSE
HQI,NASDAQ
HQL,NYSE
HQY,NASDAQ
HR,NYSE
HRB,NYSE
HRI,NYSE
HRL,NYSE
HRMY,NASDAQ
HROW,NASDAQ
HRTG,NYSE
HRTX,NASDAQ
HRZN,NASDAQ
HSAI,NASDAQ
HSBC,NYSE
HSCS,NASDAQ
HSCSW,NASDAQ
HSDT,NASDAQ
HSHP,NYSE
HSIC,NASDAQ
HSII,NASDAQ
HSPO,NASDAQ
HSPOR,NASDAQ
HSPOU,NASDAQ
HSPOW,NASDAQ
HSPT,NASDAQ
HSPTR,NASDAQ
HSPTU,NASDAQ
HST,NASDAQ
HSTM,NASDAQ
HSY,NYSE
HTB,NYSE
HTBK,NASDAQ
HTCO,NASDAQ
HTD,NYSE
HTFB,NYSE
HTFC,NYSE
HTFL,NASDAQ
HTGC,NYSE
HTH,NYSE
HTHT,NASDAQ
HTLD,NASDAQ
HTLM,NASDAQ
HTO,NASDAQ
HTOO,NASDAQ
HTOOW,NASDAQ
HTZ,NASDAQ
HTZWW,NASDAQ
HUBB,NYSE
HUBC,NASDAQ
HUBCW,NASDAQ
HUBCZ,NASDAQ
HUBG,NASDAQ
HUBS,NYSE
HUDI,NASDAQ
HUHU,NASDAQ
HUIZ,NASDAQ
HUM,NYSE
HUMA,NASDAQ
HUMAW,NASDAQ
HUN,NYSE
HURA,NASDAQ
HURC,NASDAQ
HURN,NASDAQ
HUSA,NYSE
HUT,NASDAQ
HUYA,NYSE
HVII,NASDAQ
HVIIR,NASDAQ
HVIIU,NASDAQ
HVMC,NASDAQ
HVMCU,NASDAQ
HVMCW,NASDAQ
HVT,NYSE
HVT.A,NYSE
HWBK,NASDAQ
HWC,NASDAQ
HWCPZ,NASDAQ
HWH,NASDAQ
HWKN,NASDAQ
HWM,NYSE
HWM$,NYSE
HXHX,NASDAQ
HXL,NYSE
HY,NYSE
HYAC,NYSE
HYAC.U,NYSE
HYAC.W,NYSE
HYFM,NASDAQ
HYFT,NASDAQ
HYI,NYSE
HYLN,NYSE
HYMC,NASDAQ
HYPD,NASDAQ
HYPR,NASDAQ
HYT,NYSE
HZO,NYSE
IAC,NASDAQ
IAE,NYSE
IAF,NYSE
IAG,NYSE
IART,NASDAQ
IAS,NASDAQ
IAUX,NYSE
IAUX.W,NYSE
IBAC,NASDAQ
IBACR,NASDAQ
IBCP,NASDAQ
IBEX,NASDAQ
IBG,NASDAQ
IBIO,NASDAQ
IBKR,NASDAQ
IBM,NYSE
IBN,NYSE
IBO,NYSE
IBOC,NASDAQ
IBP,NYSE
IBRX,NASDAQ
IBTA,NYSE
ICCC,NASDAQ
ICCM,NASDAQ
ICE,NYSE
ICFI,NASDAQ
ICG,NASDAQ
ICHR,NASDAQ
ICL,NYSE
ICLR,NASDAQ
ICMB,NASDAQ
ICON,NASDAQ
ICR$A,NYSE
ICUCW,NASDAQ
ICUI,NASDAQ
IDA,NYSE
IDAI,NASDAQ
IDCC,NASDAQ
IDE,NYSE
IDN,NASDAQ
IDR,NYSE
IDT,NYSE
IDXX,NASDAQ
IDYA,NASDAQ
IE,NYSE
IEP,NASDAQ
IESC,NASDAQ
IEX,NYSE
IFBD,NASDAQ
IFF,NYSE
IFN,NYSE
IFRX,NASDAQ
IFS,NYSE
IGA,NYSE
IGC,NYSE
IGD,NYSE
IGI,NYSE
IGIC,NASDAQ
IGR,NYSE
IH,NYSE
IHD,NYSE
IHG,NYSE
IHRT,NASDAQ
IHS,NYSE
IHT,NYSE
IIF,NYSE
III,NASDAQ
IIIN,NYSE
IIIV,NASDAQ
IIM,NYSE
IINN,NASDAQ
IINNW,NASDAQ
IIPR,NYSE
IIPR$A,NYSE
IKT,NASDAQ
ILLR,NASDAQ
ILLRW,NASDAQ
ILMN,NASDAQ
ILPT,NASDAQ
IMA,NASDAQ
IMAX,NYSE
IMCC,NASDAQ
IMCR,NASDAQ
IMDX,NASDAQ
IMG,NASDAQ
IMKTA,NASDAQ
IMMP,NASDAQ
IMMR,NASDAQ
IMMX,NASDAQ
IMNM,NASDAQ
IMNN,NASDAQ
IMO,NYSE
IMOS,NASDAQ
IMPP,NASDAQ
IMPPP,NASDAQ
IMRN,NASDAQ
IMRX,NASDAQ
IMSR,NASDAQ
IMSRW,NASDAQ
IMTE,NASDAQ
IMTX,NASDAQ
IMVT,NASDAQ
IMXI,NASDAQ
INAB,NASDAQ
INAC,NASDAQ
INACR,NASDAQ
INACU,NASDAQ
INBK,NASDAQ
INBKZ,NASDAQ
INBS,NASDAQ
INBX,NASDAQ
INCR,NASDAQ
INCY,NASDAQ
INDB,NASDAQ
INDI,NASDAQ
INDO,NYSE
INDP,NASDAQ
INDV,NASDAQ
INEO,NASDAQ
INFA,NYSE
INFU,NYSE
INFY,NYSE
ING,NYSE
INGM,NYSE
INGN,NASDAQ
INGR,NYSE
INHD,NASDAQ
INKT,NASDAQ
INLX,NYSE
INM,NASDAQ
INMB,NASDAQ
INMD,NASDAQ
INN,NYSE
INN$E,NYSE
INN$F,NYSE
INNV,NASDAQ
INO,NASDAQ
INOD,NASDAQ
INR,NYSE
INSE,NASDAQ
INSG,NASDAQ
INSM,NASDAQ
INSP,NYSE
INSW,NYSE
INTA,NASDAQ
INTC,NASDAQ
INTG,NASDAQ
INTR,NASDAQ
INTT,NYSE
INTU,NASDAQ
INTZ,NASDAQ
INUV,NYSE
INV,NASDAQ
INVA,NASDAQ
INVE,NASDAQ
INVH,NYSE
INVX,NYSE
INVZ,NASDAQ
INVZW,NASDAQ
IOBT,NASDAQ
IONQ,NYSE
IONQ.W,NYSE
IONR,NASDAQ
IONS,NASDAQ
IOR,NYSE
IOSP,NASDAQ
IOT,NYSE
IOVA,NASDAQ
IP,NYSE
IPAR,NASDAQ
IPCX,NASDAQ
IPCXR,NASDAQ
IPCXU,NASDAQ
IPDN,NASDAQ
IPG,NYSE
IPGP,NASDAQ
IPHA,NASDAQ
IPI,NYSE
IPM,NASDAQ
IPOD,NASDAQ
IPODU,NASDAQ
IPODW,NASDAQ
IPWR,NASDAQ
IPX,NASDAQ
IQ,NASDAQ
IQI,NYSE
IQST,NASDAQ
IQV,NYSE
IR,NYSE
IRBT,NASDAQ
IRD,NASDAQ
IRDM,NASDAQ
IREN,NASDAQ
IRIX,NASDAQ
IRM,NYSE
IRMD,NASDAQ
IRON,NASDAQ
IROQ,NASDAQ
IRS,NYSE
IRS.W,NYSE
IRT,NYSE
IRTC,NASDAQ
IRWD,NASDAQ
ISBA,NASDAQ
ISD,NYSE
ISOU,NYSE
ISPO,NASDAQ
ISPOW,NASDAQ
ISPR,NASDAQ
ISRG,NASDAQ
ISSC,NASDAQ
ISTR,NASDAQ
IT,NYSE
ITGR,NYSE
ITIC,NASDAQ
ITP,NYSE
ITRG,NYSE
ITRI,NASDAQ
ITRN,NASDAQ
ITT,NYSE
ITUB,NYSE
ITW,NYSE
IVA,NASDAQ
IVF,NASDAQ
IVP,NASDAQ
IVR,NYSE
IVR$C,NYSE
IVT,NYSE
IVVD,NASDAQ
IVZ,NYSE
IX,NYSE
IZEA,NASDAQ
IZM,NASDAQ
J,NYSE
JACK,NASDAQ
JACS,NYSE
JACS.R,NYSE
JACS.U,NYSE
JAGX,NASDAQ
JAKK,NASDAQ
JAMF,NASDAQ
JANX,NASDAQ
JAZZ,NASDAQ
JBDI,NASDAQ
JBGS,NYSE
JBHT,NASDAQ
JBI,NYSE
JBIO,NASDAQ
JBK,NYSE
JBL,NYSE
JBLU,NASDAQ
JBS,NYSE
JBSS,NASDAQ
JBTM,NYSE
JCAP,NASDAQ
JCE,NYSE
JCI,NYSE
JCSE,NASDAQ
JCTC,NASDAQ
JD,NASDAQ
JDZG,NASDAQ
JEF,NYSE
JELD,NYSE
JENA,NYSE
JENA.R,NYSE
JENA.U,NYSE
JFB,NASDAQ
JFBR,NASDAQ
JFBRW,NASDAQ
JFIN,NASDAQ
JFR,NYSE
JFU,NASDAQ
JG,NASDAQ
JGH,NYSE
JGH.R,NYSE
JHG,NYSE
JHI,NYSE
JHS,NYSE
JHX,NYSE
JILL,NYSE
JJSF,NASDAQ
JKHY,NASDAQ
JKS,NYSE
JL,NASDAQ
JLHL,NASDAQ
JLL,NYSE
JLS,NYSE
JMIA,NYSE
JMM,NYSE
JMSB,NASDAQ
JNJ,NYSE
JOB,NYSE
JOBY,NYSE
JOBY.W,NYSE
JOE,NYSE
JOF,NYSE
JOUT,NASDAQ
JOYY,NASDAQ
JPC,NYSE
JPM,NYSE
JPM$C,NYSE
JPM$D,NYSE
JPM$J,NYSE
JPM$K,NYSE
JPM$L,NYSE
JPM$M,NYSE
JQC,NYSE
JRI,NYSE
JRS,NYSE
JRSH,NASDAQ
JRVR,NASDAQ
JSM,NASDAQ
JSPR,NASDAQ
JSPRW,NASDAQ
JTAI,NASDAQ
JUNS,NASDAQ
JVA,NASDAQ
JWEL,NASDAQ
JXG,NASDAQ
JXN,NYSE
JXN$A,NYSE
JYD,NASDAQ
JYNT,NASDAQ
JZ,NASDAQ
JZXN,NASDAQ
K,NYSE
KAI,NYSE
KALA,NASDAQ
KALU,NASDAQ
KALV,NASDAQ
KAPA,NYSE
KAR,NYSE
KARO,NASDAQ
KB,NYSE
KBDC,NYSE
KBH,NYSE
KBR,NYSE
KBSX,NASDAQ
KC,NASDAQ
KCHV,NASDAQ
KCHVR,NASDAQ
KCHVU,NASDAQ
KD,NYSE
KDK,NASDAQ
KDKRW,NASDAQ
KDP,NASDAQ
KE,NASDAQ
KELYA,NASDAQ
KELYB,NASDAQ
KEN,NYSE
KEP,NYSE
KEQU,NASDAQ
KEX,NYSE
KEY,NYSE
KEY$I,NYSE
KEY$J,NYSE
KEY$K,NYSE
KEY$L,NYSE
KEYS,NYSE
KF,NYSE
KFFB,NASDAQ
KFII,NASDAQ
KFIIR,NASDAQ
KFIIU,NASDAQ
KFRC,NYSE
KFS,NYSE
KFY,NYSE
KG,NASDAQ
KGC,NYSE
KGEI,NASDAQ
KGS,NYSE
KHC,NASDAQ
KIDS,NASDAQ
KIDZ,NASDAQ
KIDZW,NASDAQ
KIM,NYSE
KIM$L,NYSE
KIM$M,NYSE
KIM$N,NYSE
KINS,NASDAQ
KIO,NYSE
KKR,NYSE
KKR$D,NYSE
KKRS,NYSE
KKRT,NYSE
KLAC,NASDAQ
KLAR,NYSE
KLC,NYSE
KLIC,NASDAQ
KLRS,NASDAQ
KLTOW,NASDAQ
KLTR,NASDAQ
KLXE,NASDAQ
KMB,NASDAQ
KMDA,NASDAQ
KMI,NYSE
KMPB,NYSE
KMPR,NYSE
KMRK,NASDAQ
KMT,NYSE
KMTS,NASDAQ
KMX,NYSE
KN,NYSE
KNDI,NASDAQ
KNF,NYSE
KNOP,NYSE
KNRX,NYSE
KNSA,NASDAQ
KNSL,NYSE
KNTK,NYSE
KNX,NYSE
KO,NYSE
KOD,NASDAQ
KODK,NYSE
KOF,NYSE
KOP,NYSE
KOPN,NASDAQ
KORE,NYSE
KOS,NYSE
KOSS,NASDAQ
KOYN,NASDAQ
KOYNU,NASDAQ
KOYNW,NASDAQ
KPLT,NASDAQ
KPLTW,NASDAQ
KPRX,NASDAQ
KPTI,NASDAQ
KR,NYSE
KRC,NYSE
KREF,NYSE
KREF$A,NYSE
KRG,NYSE
KRKR,NASDAQ
KRMD,NASDAQ
KRMN,NYSE
KRNT,NASDAQ
KRNY,NASDAQ
KRO,NYSE
KROS,NASDAQ
KRP,NYSE
KRRO,NASDAQ
KRSP.U,NYSE
KRT,NASDAQ
KRUS,NASDAQ
KRYS,NASDAQ
KSCP,NASDAQ
KSPI,NASDAQ
KSS,NYSE
KT,NYSE
KTB,NYSE
KTCC,NASDAQ
KTF,NYSE
KTH,NYSE
KTN,NYSE
KTOS,NASDAQ
KTTAW,NASDAQ
KULR,NYSE
KURA,NASDAQ
KVAC,NASDAQ
KVACU,NASDAQ
KVACW,NASDAQ
KVHI,NASDAQ
KVUE,NYSE
KVYO,NYSE
KW,NYSE
KWM,NASDAQ
KWMWW,NASDAQ
KWR,NYSE
KXIN,NASDAQ
KYIV,NASDAQ
KYIVW,NASDAQ
KYMR,NASDAQ
KYN,NYSE
KYTX,NASDAQ
KZR,NASDAQ
L,NYSE
LAB,NASDAQ
LAC,NYSE
LAD,NYSE
LADR,NYSE
LAES,NASDAQ
LAFAU,NASDAQ
LAKE,NASDAQ
LAMR,NASDAQ
LAND,NASDAQ
LANDM,NASDAQ
LANDO,NASDAQ
LANDP,NASDAQ
LANV,NYSE
LANV.W,NYSE
LAR,NYSE
LARK,NASDAQ
LASE,NASDAQ
LASR,NASDAQ
LATAU,NASDAQ
LAUR,NASDAQ
LAW,NYSE
LAWR,NASDAQ
LAZ,NYSE
LAZR,NASDAQ
LB,NYSE
LBGJ,NASDAQ
LBRDA,NASDAQ
LBRDK,NASDAQ
LBRDP,NASDAQ
LBRT,NYSE
LBRX,NASDAQ
LBTYA,NASDAQ
LBTYB,NASDAQ
LBTYK,NASDAQ
LC,NYSE
LCCC,NASDAQ
LCCCR,NASDAQ
LCCCU,NASDAQ
LCFY,NASDAQ
LCFYW,NASDAQ
LCID,NASDAQ
LCII,NYSE
LCNB,NASDAQ
LCTX,NYSE
LCUT,NASDAQ
LDI,NYSE
LDOS,NYSE
LDP,NYSE
LDWY,NASDAQ
LE,NASDAQ
LEA,NYSE
LECO,NASDAQ
LEDS,NASDAQ
LEE,NASDAQ
LEG,NYSE
LEGH,NASDAQ
LEGN,NASDAQ
LEGT,NYSE
LEGT.U,NYSE
LEGT.W,NYSE
LEN,NYSE
LEN.B,NYSE
LENZ,NASDAQ
LEO,NYSE
LESL,NASDAQ
LEU,NYSE
LEVI,NYSE
LEXX,NASDAQ
LEXXW,NASDAQ
LFCR,NASDAQ
LFMD,NASDAQ
LFMDP,NASDAQ
LFS,NASDAQ
LFST,NASDAQ
LFT,NYSE
LFT$A,NYSE
LFUS,NASDAQ
LFVN,NASDAQ
LGCB,NASDAQ
LGCL,NASDAQ
LGCY,NYSE
LGHL,NASDAQ
LGI,NYSE
LGIH,NASDAQ
LGL,NYSE
LGL.W,NYSE
LGN,NASDAQ
LGND,NASDAQ
LGO,NASDAQ
LGPS,NYSE
LH,NYSE
LHAI,NASDAQ
LHSW,NASDAQ
LHX,NYSE
LI,NASDAQ
LICN,NASDAQ
LIDR,NASDAQ
LIDRW,NASDAQ
LIEN,NASDAQ
LIF,NASDAQ
LII,NYSE
LILA,NASDAQ
LILAK,NASDAQ
LIMN,NASDAQ
LIMNW,NASDAQ
LIN,NASDAQ
LINC,NASDAQ
LIND,NASDAQ
LINE,NASDAQ
LINK,NASDAQ
LION,NYSE
LIQT,NASDAQ
LITB,NYSE
LITE,NASDAQ
LITM,NASDAQ
LITS,NASDAQ
LIVE,NASDAQ
LIVN,NASDAQ
LIXT,NASDAQ
LIXTW,NASDAQ
LKFN,NASDAQ
LKQ,NASDAQ
LKSPU,NASDAQ
LLY,NYSE
LLYVA,NASDAQ
LLYVK,NASDAQ
LMAT,NASDAQ
LMB,NASDAQ
LMFA,NASDAQ
LMND,NYSE
LMND.W,NYSE
LMNR,NASDAQ
LMT,NYSE
LNC,NYSE
LNC$D,NYSE
LND,NYSE
LNG,NYSE
LNKB,NASDAQ
LNN,NYSE
LNSR,NASDAQ
LNT,NASDAQ
LNTH,NASDAQ
LNW,NASDAQ
LNZA,NASDAQ
LNZAW,NASDAQ
LOAN,NASDAQ
LOAR,NYSE
LOB,NYSE
LOB$A,NYSE
LOBO,NASDAQ
LOCL,NYSE
LOCO,NASDAQ
LODE,NYSE
LOGI,NASDAQ
LOKV,NASDAQ
LOKVU,NASDAQ
LOKVW,NASDAQ
LOMA,NYSE
LOOP,NASDAQ
LOPE,NASDAQ
LOT,NASDAQ
LOTWW,NASDAQ
LOVE,NASDAQ
LOW,NYSE
LPA,NYSE
LPAA,NASDAQ
LPAAU,NASDAQ
LPAAW,NASDAQ
LPBB,NASDAQ
LPBBU,NASDAQ
LPBBW,NASDAQ
LPCN,NASDAQ
LPG,NYSE
LPL,NYSE
LPLA,NASDAQ
LPRO,NASDAQ
LPSN,NASDAQ
LPTH,NASDAQ
LPX,NYSE
LQDA,NASDAQ
LQDT,NASDAQ
LRCX,NASDAQ
LRE,NASDAQ
LRHC,NASDAQ
LRMR,NASDAQ
LRN,NYSE
LSAK,NASDAQ
LSBK,NASDAQ
LSCC,NASDAQ
LSE,NASDAQ
LSF,NYSE
LSH,NASDAQ
LSPD,NYSE
LSTA,NASDAQ
LSTR,NASDAQ
LTBR,NASDAQ
LTC,NYSE
LTH,NYSE
LTM,NYSE
LTRN,NASDAQ
LTRX,NASDAQ
LTRYW,NASDAQ
LU,NYSE
LUCD,NASDAQ
LUCK,NYSE
LUCY,NASDAQ
LUCYW,NASDAQ
LUD,NYSE
LULU,NASDAQ
LUMN,NYSE
LUNG,NASDAQ
LUNR,NASDAQ
LUV,NYSE
LUXE,NYSE
LVLU,NASDAQ
LVRO,NASDAQ
LVROW,NASDAQ
LVS,NYSE
LVTX,NASDAQ
LVWR,NYSE
LVWR.W,NYSE
LW,NYSE
LWAC,NASDAQ
LWACU,NASDAQ
LWACW,NASDAQ
LWAY,NASDAQ
LWLG,NASDAQ
LX,NASDAQ
LXEH,NASDAQ
LXEO,NASDAQ
LXFR,NYSE
LXP,NYSE
LXP$C,NYSE
LXRX,NASDAQ
LXU,NYSE
LYB,NYSE
LYEL,NASDAQ
LYFT,NASDAQ
LYG,NYSE
LYTS,NASDAQ
LYV,NYSE
LZ,NASDAQ
LZB,NYSE
LZM,NYSE
LZM.W,NYSE
LZMH,NASDAQ
M,NYSE
MA,NYSE
MAA,NYSE
MAA$I,NYSE
MAAS,NASDAQ
MAC,NYSE
MACI,NASDAQ
MACIU,NASDAQ
MACIW,NASDAQ
MAGH,NASDAQ
MAGN,NYSE
MAIA,NYSE
MAIN,NYSE
MAMA,NASDAQ
MAMK,NASDAQ
MAMO,NASDAQ
MAN,NYSE
MANH,NASDAQ
MANU,NYSE
MAPS,NASDAQ
MAPSW,NASDAQ
MAR,NASDAQ
MARA,NASDAQ
MARPS,NASDAQ
MAS,NYSE
MASI,NASDAQ
MASS,NASDAQ
MAT,NASDAQ
MATH,NASDAQ
MATV,NYSE
MATW,NASDAQ
MATX,NYSE
MAX,NYSE
MAXN,NASDAQ
MAYA,NASDAQ
MAYAR,NASDAQ
MAYAU,NASDAQ
MAYS,NASDAQ
MAZE,NASDAQ
MB,NASDAQ
MBAV,NASDAQ
MBAVU,NASDAQ
MBAVW,NASDAQ
MBBC,NASDAQ
MBC,NYSE
MBCN,NASDAQ
MBI,NYSE
MBIN,NASDAQ
MBINL,NASDAQ
MBINM,NASDAQ
MBINN,NASDAQ
MBIO,NASDAQ
MBLY,NASDAQ
MBNKO,NASDAQ
MBOT,NASDAQ
MBUU,NASDAQ
MBVI,NASDAQ
MBVIU,NASDAQ
MBVIW,NASDAQ
MBWM,NASDAQ
MBX,NASDAQ
MC,NYSE
MCB,NYSE
MCBS,NASDAQ
MCD,NYSE
MCFT,NASDAQ
MCGA,NASDAQ
MCGAU,NASDAQ
MCGAW,NASDAQ
MCHB,NASDAQ
MCHP,NASDAQ
MCHPP,NASDAQ
MCHX,NASDAQ
MCI,NYSE
MCK,NYSE
MCN,NYSE
MCO,NYSE
MCR,NYSE
MCRB,NASDAQ
MCRI,NASDAQ
MCRP,NYSE
MCS,NYSE
MCTA,NASDAQ
MCTR,NASDAQ
MCW,NASDAQ
MCY,NYSE
MD,NYSE
MDAI,NASDAQ
MDAIW,NASDAQ
MDB,NASDAQ
MDBH,NASDAQ
MDCX,NASDAQ
MDCXW,NASDAQ
MDGL,NASDAQ
MDIA,NASDAQ
MDLZ,NASDAQ
MDRR,NASDAQ
MDT,NYSE
MDU,NYSE
MDV,NYSE
MDV$A,NYSE
MDWD,NASDAQ
MDXG,NASDAQ
MDXH,NASDAQ
MEC,NYSE
MED,NYSE
MEDP,NASDAQ
MEG,NYSE
MEGI,NYSE
MEGL,NASDAQ
MEHA,NASDAQ
MEI,NYSE
MELI,NASDAQ
MENS,NASDAQ
MEOH,NASDAQ
MER$K,NYSE
MERC,NASDAQ
MESO,NASDAQ
MET,NYSE
MET$A,NYSE
MET$E,NYSE
MET$F,NYSE
META,NASDAQ
METC,NASDAQ
METCB,NASDAQ
METCI,NASDAQ
METCZ,NASDAQ
MFA,NYSE
MFA$B,NYSE
MFA$C,NYSE
MFAN,NYSE
MFAO,NYSE
MFC,NYSE
MFG,NYSE
MFH,NASDAQ
MFI,NASDAQ
MFIC,NASDAQ
MFICL,NASDAQ
MFIN,NASDAQ
MFM,NYSE
MG,NYSE
MGA,NYSE
MGEE,NASDAQ
MGF,NYSE
MGIC,NASDAQ
MGIH,NASDAQ
MGLD,NYSE
MGM,NYSE
MGN,NASDAQ
MGNI,NASDAQ
MGNX,NASDAQ
MGPI,NASDAQ
MGR,NYSE
MGRB,NYSE
MGRC,NASDAQ
MGRD,NYSE
MGRE,NYSE
MGRT,NASDAQ
MGRX,NASDAQ
MGTX,NASDAQ
MGX,NASDAQ
MGY,NYSE
MGYR,NASDAQ
MH,NYSE
MHD,NYSE
MHF,NYSE
MHH,NYSE
MHK,NYSE
MHLA,NYSE
MHN,NYSE
MHNC,NYSE
MHO,NYSE
MI,NYSE
MIAX,NYSE
MIDD,NASDAQ
MIMI,NASDAQ
MIN,NYSE
MIND,NASDAQ
MIR,NYSE
MIRA,NASDAQ
MIRM,NASDAQ
MIST,NASDAQ
MITK,NASDAQ
MITN,NYSE
MITP,NYSE
MITQ,NYSE
MITT,NYSE
MITT$A,NYSE
MITT$B,NYSE
MITT$C,NYSE
MIY,NYSE
MKC,NYSE
MKC.V,NYSE
MKDWW,NASDAQ
MKL,NYSE
MKLY,NASDAQ
MKLYR,NASDAQ
MKLYU,NASDAQ
MKSI,NASDAQ
MKTW,NASDAQ
MKTX,NASDAQ
MKZR,NASDAQ
MLAB,NASDAQ
MLAC,NASDAQ
MLACR,NASDAQ
MLACU,NASDAQ
MLCI,NASDAQ
MLCO,NASDAQ
MLEC,NASDAQ
MLECW,NASDAQ
MLGO,NASDAQ
MLI,NYSE
MLKN,NASDAQ
MLM,NYSE
MLP,NYSE
MLPB,NYSE
MLR,NYSE
MLSS,NYSE
MLTX,NASDAQ
MLYS,NASDAQ
MMA,NYSE
MMC,NYSE
MMD,NYSE
MMI,NYSE
MMLP,NASDAQ
MMM,NYSE
MMS,NYSE
MMSI,NASDAQ
MMT,NYSE
MMTXU,NASDAQ
MMU,NYSE
MMYT,NASDAQ
MNDO,NASDAQ
MNDR,NASDAQ
MNDY,NASDAQ
MNKD,NASDAQ
MNMD,NASDAQ
MNOV,NASDAQ
MNPR,NASDAQ
MNR,NYSE
MNRO,NASDAQ
MNSB,NASDAQ
MNSBP,NASDAQ
MNSO,NYSE
MNST,NASDAQ
MNTK,NASDAQ
MNTN,NYSE
MNTS,NASDAQ
MNTSW,NASDAQ
MNY,NASDAQ
MNYWW,NASDAQ
MO,NYSE
MOB,NASDAQ
MOBBW,NASDAQ
MOBXW,NASDAQ
MOD,NYSE
MODG,NYSE
MOFG,NASDAQ
MOG.A,NYSE
MOG.B,NYSE
MOGO,NASDAQ
MOGU,NYSE
MOH,NYSE
MOLN,NASDAQ
MOMO,NASDAQ
MORN,NASDAQ
MOS,NYSE
MOV,NYSE
MP,NYSE
MPA,NYSE
MPAA,NASDAQ
MPB,NASDAQ
MPC,NYSE
MPLT,NASDAQ
MPLX,NYSE
MPTI,NYSE
MPTI.W,NYSE
MPU,NYSE
MPV,NYSE
MPW,NYSE
MPWR,NASDAQ
MPX,NYSE
MQ,NASDAQ
MQT,NYSE
MQY,NYSE
MRAM,NASDAQ
MRBK,NASDAQ
MRC,NYSE
MRCC,NASDAQ
MRCY,NASDAQ
MREO,NASDAQ
MRK,NYSE
MRKR,NASDAQ
MRM,NASDAQ
MRNA,NASDAQ
MRNO,NASDAQ
MRNOW,NASDAQ
MRP,NYSE
MRT,NYSE
MRTN,NASDAQ
MRUS,NASDAQ
MRVI,NASDAQ
MRVL,NASDAQ
MRX,NASDAQ
MS,NYSE
MS$A,NYSE
MS$E,NYSE
MS$F,NYSE
MS$I,NYSE
MS$K,NYSE
MS$L,NYSE
MS$O,NYSE
MS$P,NYSE
MS$Q,NYSE
MSA,NYSE
MSAIW,NASDAQ
MSB,NYSE
MSBI,NASDAQ
MSBIP,NASDAQ
MSC,NYSE
MSCI,NYSE
MSD,NYSE
MSDL,NYSE
MSEX,NASDAQ
MSFT,NASDAQ
MSGE,NYSE
MSGM,NASDAQ
MSGS,NYSE
MSGY,NASDAQ
MSI,NYSE
MSIF,NYSE
MSM,NYSE
MSN,NYSE
MSTR,NASDAQ
MSW,NASDAQ
MT,NYSE
MTA,NYSE
MTB,NYSE
MTB$H,NYSE
MTB$J,NYSE
MTCH,NASDAQ
MTD,NYSE
MTDR,NYSE
MTEK,NASDAQ
MTEKW,NASDAQ
MTEN,NASDAQ
MTEX,NASDAQ
MTG,NYSE
MTH,NYSE
MTLS,NASDAQ
MTN,NYSE
MTNB,NYSE
MTR,NYSE
MTRN,NYSE
MTRX,NASDAQ
MTSI,NASDAQ
MTSR,NASDAQ
MTUS,NYSE
MTW,NYSE
MTX,NYSE
MTZ,NYSE
MU,NASDAQ
MUA,NYSE
MUC,NYSE
MUE,NYSE
MUFG,NYSE
MUJ,NYSE
MUR,NYSE
MURA,NASDAQ
MUSA,NYSE
MUX,NYSE
MVBF,NASDAQ
MVF,NYSE
MVIS,NASDAQ
MVO,NYSE
MVST,NASDAQ
MVSTW,NASDAQ
MVT,NYSE
MWA,NYSE
MWG,NYSE
MWYN,NASDAQ
MX,NYSE
MXC,NYSE
MXCT,NASDAQ
MXE,NYSE
MXF,NYSE
MXL,NASDAQ
MYD,NYSE
MYE,NYSE
MYFW,NASDAQ
MYGN,NASDAQ
MYI,NYSE
MYN,NYSE
MYND,NYSE
MYNZ,NASDAQ
MYO,NYSE
MYPS,NASDAQ
MYPSW,NASDAQ
MYRG,NASDAQ
MYSE,NASDAQ
MYSEW,NASDAQ
MYSZ,NASDAQ
MZTI,NASDAQ
NA,NASDAQ
NABL,NYSE
NAC,NYSE
NAD,NYSE
NAGE,NASDAQ
NAII,NASDAQ
NAK,NYSE
NAKA,NASDAQ
NAMI,NASDAQ
NAMM,NASDAQ
NAMMW,NASDAQ
NAMS,NASDAQ
NAMSW,NASDAQ
NAN,NYSE
NAOV,NASDAQ
NAT,NYSE
NATH,NASDAQ
NATL,NYSE
NATR,NASDAQ
NAUT,NASDAQ
NAVI,NASDAQ
NAVN,NASDAQ
NAZ,NYSE
NB,NASDAQ
NBB,NYSE
NBBK,NASDAQ
NBH,NYSE
NBHC,NYSE
NBIS,NASDAQ
NBIX,NASDAQ
NBN,NASDAQ
NBP,NASDAQ
NBR,NYSE
NBTB,NASDAQ
NBTX,NASDAQ
NBXG,NYSE
NBY,NYSE
NC,NYSE
NCA,NYSE
NCDL,NYSE
NCEL,NASDAQ
NCI,NASDAQ
NCL,NYSE
NCLH,NYSE
NCMI,NASDAQ
NCNA,NASDAQ
NCNO,NASDAQ
NCPL,NASDAQ
NCPLW,NASDAQ
NCRA,NASDAQ
NCSM,NASDAQ
NCT,NASDAQ
NCTY,NASDAQ
NCV,NYSE
NCV$A,NYSE
NCZ,NYSE
NCZ$A,NYSE
NDAQ,NASDAQ
NDMO,NYSE
NDSN,NASDAQ
NE,NYSE
NE.A,NYSE
NE.W,NYSE
NEA,NYSE
NECB,NASDAQ
NEE,NYSE
NEE$N,NYSE
NEE$S,NYSE
NEE$T,NYSE
NEE$U,NYSE
NEGG,NASDAQ
NEM,NYSE
NEN,NYSE
NEO,NASDAQ
NEOG,NASDAQ
NEON,NASDAQ
NEOV,NASDAQ
NEOVW,NASDAQ
NEPH,NASDAQ
NERV,NASDAQ
NESR,NASDAQ
NET,NYSE
NETD,NASDAQ
NETDU,NASDAQ
NETDW,NASDAQ
NEU,NYSE
NEWP,NYSE
NEWT,NASDAQ
NEWTG,NASDAQ
NEWTH,NASDAQ
NEWTI,NASDAQ
NEWTP,NASDAQ
NEWTZ,NASDAQ
NEXA,NYSE
NEXM,NASDAQ
NEXN,NASDAQ
NEXT,NASDAQ
NFBK,NASDAQ
NFE,NASDAQ
NFG,NYSE
NFGC,NYSE
NFJ,NYSE
NFLX,NASDAQ
NG,NYSE
NGD,NYSE
NGG,NYSE
NGL,NYSE
NGL$B,NYSE
NGL$C,NYSE
NGNE,NASDAQ
NGS,NYSE
NGVC,NYSE
NGVT,NYSE
NHC,NYSE
NHI,NYSE
NHIC,NASDAQ
NHICU,NASDAQ
NHICW,NASDAQ
NHPAP,NASDAQ
NHPBP,NASDAQ
NHS,NYSE
NHTC,NASDAQ
NI,NYSE
NIC,NYSE
NICE,NASDAQ
NIE,NYSE
NIM,NYSE
NINE,NYSE
NIO,NYSE
NIOBW,NASDAQ
NIPG,NASDAQ
NIQ,NYSE
NISN,NASDAQ
NITO,NASDAQ
NIU,NASDAQ
NIVF,NASDAQ
NIVFW,NASDAQ
NIXX,NASDAQ
NIXXW,NASDAQ
NJR,NYSE
NKE,NYSE
NKLR,NASDAQ
NKSH,NASDAQ
NKTR,NASDAQ
NKTX,NASDAQ
NKX,NYSE
NL,NYSE
NLOP,NYSE
NLY,NYSE
NLY$F,NYSE
NLY$G,NYSE
NLY$I,NYSE
NLY$J,NYSE
NMAI,NYSE
NMAX,NYSE
NMCO,NYSE
NMFC,NASDAQ
NMFCZ,NASDAQ
NMG,NYSE
NMI,NYSE
NMIH,NASDAQ
NML,NYSE
NMM,NYSE
NMP,NASDAQ
NMPAR,NASDAQ
NMPAU,NASDAQ
NMR,NYSE
NMRA,NASDAQ
NMRK,NASDAQ
NMS,NYSE
NMT,NYSE
NMZ,NYSE
NN,NASDAQ
NNAVW,NASDAQ
NNBR,NASDAQ
NNDM,NASDAQ
NNE,NASDAQ
NNI,NYSE
NNN,NYSE
NNNN,NASDAQ
NNOX,NASDAQ
NNVC,NYSE
NNY,NYSE
NOA,NYSE
NOAH,NYSE
NOC,NYSE
NODK,NASDAQ
NOEM,NASDAQ
NOEMR,NASDAQ
NOEMU,NASDAQ
NOEMW,NASDAQ
NOG,NYSE
NOK,NYSE
NOM,NYSE
NOMA,NASDAQ
NOMD,NYSE
NOTE,NYSE
NOTE.W,NYSE
NOTV,NASDAQ
NOV,NYSE
NOVT,NASDAQ
NOW,NYSE
NP,NYSE
NPAC,NASDAQ
NPACU,NASDAQ
NPACW,NASDAQ
NPB,NYSE
NPCE,NASDAQ
NPCT,NYSE
NPFD,NYSE
NPK,NYSE
NPKI,NYSE
NPO,NYSE
NPT,NASDAQ
NPV,NYSE
NPWR,NYSE
NPWR.W,NYSE
NQP,NYSE
NRC,NASDAQ
NRDS,NASDAQ
NRDY,NYSE
NREF,NYSE
NREF$A,NYSE
NRG,NYSE
NRGV,NYSE
NRIM,NASDAQ
NRIX,NASDAQ
NRK,NYSE
NRO,NYSE
NRP,NYSE
NRSN,NASDAQ
NRSNW,NASDAQ
NRT,NYSE
NRUC,NYSE
NRXP,NASDAQ
NRXPW,NASDAQ
NRXS,NYSE
NSA,NYSE
NSA$A,NYSE
NSA$B,NYSE
NSC,NYSE
NSIT,NASDAQ
NSP,NYSE
NSPR,NASDAQ
NSRX,NYSE
NSSC,NASDAQ
NSTS,NASDAQ
NSYS,NASDAQ
NTAP,NASDAQ
NTB,NYSE
NTCL,NASDAQ
NTCT,NASDAQ
NTES,NASDAQ
NTGR,NASDAQ
NTHI,NASDAQ
NTIC,NASDAQ
NTIP,NYSE
NTLA,NASDAQ
NTNX,NASDAQ
NTR,NYSE
NTRA,NASDAQ
NTRB,NASDAQ
NTRBW,NASDAQ
NTRP,NASDAQ
NTRS,NASDAQ
NTRSO,NASDAQ
NTSK,NASDAQ
NTST,NYSE
NTWK,NASDAQ
NTWO,NASDAQ
NTWOU,NASDAQ
NTWOW,NASDAQ
NTZ,NYSE
NU,NYSE
NUAI,NASDAQ
NUAIW,NASDAQ
NUE,NYSE
NUKK,NASDAQ
NUKKW,NASDAQ
NUS,NYSE
NUTR,NASDAQ
NUTX,NASDAQ
NUV,NYSE
NUVB,NYSE
NUVB.W,NYSE
NUVL,NASDAQ
NUW,NYSE
NUWE,NASDAQ
NVA,NASDAQ
NVAWW,NASDAQ
NVAX,NASDAQ
NVCR,NASDAQ
NVCT,NASDAQ
NVDA,NASDAQ
NVEC,NASDAQ
NVFY,NASDAQ
NVG,NYSE
NVGS,NYSE
NVMI,NASDAQ
NVNI,NASDAQ
NVNIW,NASDAQ
NVO,NYSE
NVR,NYSE
NVRI,NYSE
NVS,NYSE
NVST,NYSE
NVT,NYSE
NVTS,NASDAQ
NVX,NASDAQ
NWBI,NASDAQ
NWE,NASDAQ
NWFL,NASDAQ
NWG,NYSE
NWGL,NASDAQ
NWL,NASDAQ
NWN,NYSE
NWPX,NASDAQ
NWS,NASDAQ
NWSA,NASDAQ
NX,NYSE
NXC,NYSE
NXDR,NYSE
NXDT,NYSE
NXDT$A,NYSE
NXE,NYSE
NXG,NYSE
NXGL,NASDAQ
NXGLW,NASDAQ
NXJ,NYSE
NXL,NASDAQ
NXN,NYSE
NXP,NYSE
NXPI,NASDAQ
NXPLW,NASDAQ
NXRT,NYSE
NXST,NASDAQ
NXT,NASDAQ
NXTC,NASDAQ
NXTT,NASDAQ
NXXT,NASDAQ
NYAX,NASDAQ
NYC,NYSE
NYT,NYSE
NYXH,NASDAQ
NZF,NYSE
O,NYSE
OABI,NASDAQ
OABIW,NASDAQ
OACC,NASDAQ
OACCU,NASDAQ
OACCW,NASDAQ
OAK$A,NYSE
OAK$B,NYSE
OAKU,NASDAQ
OAKUR,NASDAQ
OAKUU,NASDAQ
OAKUW,NASDAQ
OBA,NASDAQ
OBAWU,NASDAQ
OBAWW,NASDAQ
OBDC,NYSE
OBE,NYSE
OBIO,NASDAQ
OBK,NYSE
OBLG,NASDAQ
OBT,NASDAQ
OC,NYSE
OCC,NASDAQ
OCCI,NASDAQ
OCCIM,NASDAQ
OCCIN,NASDAQ
OCCIO,NASDAQ
OCFC,NASDAQ
OCFT,NYSE
OCG,NASDAQ
OCGN,NASDAQ
OCS,NASDAQ
OCSAW,NASDAQ
OCSL,NASDAQ
OCUL,NASDAQ
ODC,NYSE
ODD,NASDAQ
ODFL,NASDAQ
ODP,NASDAQ
ODV,NYSE
ODVWZ,NASDAQ
ODYS,NASDAQ
OEC,NYSE
OESX,NASDAQ
OFAL,NASDAQ
OFG,NYSE
OFIX,NASDAQ
OFLX,NASDAQ
OFS,NASDAQ
OFSSH,NASDAQ
OFSSO,NASDAQ
OGCP,NYSE
OGE,NYSE
OGEN,NYSE
OGI,NASDAQ
OGN,NYSE
OGS,NYSE
OHI,NYSE
OI,NYSE
OIA,NYSE
OII,NYSE
OIS,NYSE
OKE,NYSE
OKLO,NYSE
OKTA,NASDAQ
OKUR,NASDAQ
OKYO,NASDAQ
OLB,NASDAQ
OLED,NASDAQ
OLLI,NASDAQ
OLMA,NASDAQ
OLN,NYSE
OLP,NYSE
OLPX,NASDAQ
OM,NASDAQ
OMAB,NASDAQ
OMC,NYSE
OMCC,NASDAQ
OMCL,NASDAQ
OMDA,NASDAQ
OMER,NASDAQ
OMEX,NASDAQ
OMF,NYSE
OMH,NASDAQ
OMI,NYSE
OMSE,NASDAQ
ON,NASDAQ
ONB,NASDAQ
ONBPO,NASDAQ
ONBPP,NASDAQ
ONC,NASDAQ
ONCH,NASDAQ
ONCHU,NASDAQ
ONCHW,NASDAQ
ONCO,NASDAQ
ONCY,NASDAQ
ONDS,NASDAQ
ONEG,NASDAQ
ONEW,NASDAQ
ONFO,NASDAQ
ONFOW,NASDAQ
ONIT,NYSE
ONL,NYSE
ONMD,NASDAQ
ONMDW,NASDAQ
ONON,NYSE
ONTF,NYSE
ONTO,NYSE
OOMA,NYSE
OP,NASDAQ
OPAD,NYSE
OPAL,NASDAQ
OPBK,NASDAQ
OPCH,NASDAQ
OPEN,NASDAQ
OPFI,NYSE
OPFI.W,NYSE
OPHC,NYSE
OPK,NASDAQ
OPP,NYSE
OPP$A,NYSE
OPP$B,NYSE
OPP$C,NYSE
OPP.R,NYSE
OPRA,NASDAQ
OPRT,NASDAQ
OPRX,NASDAQ
OPT,NASDAQ
OPTT,NYSE
OPTX,NASDAQ
OPTXW,NASDAQ
OPXS,NASDAQ
OPY,NYSE
OR,NYSE
ORA,NYSE
ORBS,NASDAQ
ORC,NYSE
ORCL,NYSE
ORGNW,NASDAQ
ORGO,NASDAQ
ORI,NYSE
ORIC,NASDAQ
ORIQ,NASDAQ
ORIQU,NASDAQ
ORIQW,NASDAQ
ORKA,NASDAQ
ORKT,NASDAQ
ORLA,NYSE
ORLY,NASDAQ
ORMP,NASDAQ
ORN,NYSE
ORRF,NASDAQ
OS,NASDAQ
OSBC,NASDAQ
OSCR,NYSE
OSIS,NASDAQ
OSK,NYSE
OSPN,NASDAQ
OSRHW,NASDAQ
OSS,NASDAQ
OST,NASDAQ
OSTX,NYSE
OSUR,NASDAQ
OSW,NASDAQ
OTEX,NASDAQ
OTF,NYSE
OTGA,NASDAQ
OTGAU,NASDAQ
OTGAW,NASDAQ
OTIS,NYSE
OTLK,NASDAQ
OTLY,NASDAQ
OTTR,NASDAQ
OUST,NASDAQ
OUSTZ,NASDAQ
OUT,NYSE
OVBC,NASDAQ
OVID,NASDAQ
OVLY,NASDAQ
OVV,NYSE
OWL,NYSE
OWLS,NASDAQ
OWLT,NYSE
OXBR,NASDAQ
OXBRW,NASDAQ
OXLC,NASDAQ
OXLCG,NASDAQ
OXLCI,NASDAQ
OXLCL,NASDAQ
OXLCN,NASDAQ
OXLCO,NASDAQ
OXLCP,NASDAQ
OXLCZ,NASDAQ
OXM,NYSE
OXSQ,NASDAQ
OXSQG,NASDAQ
OXSQH,NASDAQ
OXY,NYSE
OXY.W,NYSE
OYSE,NASDAQ
OYSER,NASDAQ
OYSEU,NASDAQ
OZ,NYSE
OZK,NASDAQ
OZKAP,NASDAQ
PAA,NASDAQ
PAAS,NYSE
PAC,NYSE
PACB,NASDAQ
PACH,NASDAQ
PACHU,NASDAQ
PACHW,NASDAQ
PACK,NYSE
PACS,NYSE
PAG,NYSE
PAGP,NASDAQ
PAGS,NYSE
PAHC,NASDAQ
PAI,NYSE
PAII,NYSE
PAII.U,NYSE
PAII.W,NYSE
PAL,NASDAQ
PALI,NASDAQ
PAM,NYSE
PAMT,NASDAQ
PANL,NASDAQ
PANW,NASDAQ
PAPL,NYSE
PAR,NYSE
PARR,NYSE
PASG,NASDAQ
PASW,NASDAQ
PATH,NYSE
PATK,NASDAQ
PAX,NASDAQ
PAXS,NYSE
PAY,NYSE
PAYC,NYSE
PAYO,NASDAQ
PAYS,NASDAQ
PAYX,NASDAQ
PB,NYSE
PBA,NYSE
PBBK,NASDAQ
PBF,NYSE
PBFS,NASDAQ
PBH,NYSE
PBHC,NASDAQ
PBI,NYSE
PBI$B,NYSE
PBM,NASDAQ
PBMWW,NASDAQ
PBR,NYSE
PBR.A,NYSE
PBT,NYSE
PBYI,NASDAQ
PC,NASDAQ
PCAP,NASDAQ
PCAPU,NASDAQ
PCAPW,NASDAQ
PCAR,NASDAQ
PCB,NASDAQ
PCF,NYSE
PCG,NYSE
PCG$A,NYSE
PCG$B,NYSE
PCG$C,NYSE
PCG$D,NYSE
PCG$E,NYSE
PCG$G,NYSE
PCG$H,NYSE
PCG$I,NYSE
PCG$X,NYSE
PCH,NASDAQ
PCM,NYSE
PCN,NYSE
PCOR,NYSE
PCQ,NYSE
PCRX,NASDAQ
PCSC,NASDAQ
PCT,NASDAQ
PCTTU,NASDAQ
PCTTW,NASDAQ
PCTY,NASDAQ
PCVX,NASDAQ
PCYO,NASDAQ
PD,NYSE
PDCC,NYSE
PDD,NASDAQ
PDEX,NASDAQ
PDFS,NASDAQ
PDI,NYSE
PDLB,NASDAQ
PDM,NYSE
PDO,NYSE
PDPA,NYSE
PDS,NYSE
PDSB,NASDAQ
PDT,NYSE
PDX,NYSE
PDYN,NASDAQ
PDYNW,NASDAQ
PEB,NYSE
PEB$E,NYSE
PEB$F,NYSE
PEB$G,NYSE
PEB$H,NYSE
PEBK,NASDAQ
PEBO,NASDAQ
PECO,NASDAQ
PED,NYSE
PEG,NYSE
PEGA,NASDAQ
PELI,NASDAQ
PELIR,NASDAQ
PELIU,NASDAQ
PEN,NYSE
PENG,NASDAQ
PENN,NASDAQ
PEO,NYSE
PEP,NASDAQ
PEPG,NASDAQ
PERF,NYSE
PERF.W,NYSE
PERI,NASDAQ
PESI,NASDAQ
PETS,NASDAQ
PETZ,NASDAQ
PEW,NYSE
PEW.W,NYSE
PFAI,NASDAQ
PFBC,NASDAQ
PFD,NYSE
PFE,NYSE
PFFL,NYSE
PFG,NASDAQ
PFGC,NYSE
PFH,NYSE
PFIS,NASDAQ
PFL,NYSE
PFLT,NYSE
PFN,NYSE
PFO,NYSE
PFS,NYSE
PFSI,NYSE
PFX,NASDAQ
PFXNZ,NASDAQ
PG,NYSE
PGAC,NASDAQ
PGACR,NASDAQ
PGACU,NASDAQ
PGC,NASDAQ
PGEN,NASDAQ
PGNY,NASDAQ
PGP,NYSE
PGR,NYSE
PGRE,NYSE
PGY,NASDAQ
PGYWW,NASDAQ
PGZ,NYSE
PH,NYSE
PHAR,NASDAQ
PHAT,NASDAQ
PHG,NYSE
PHGE,NYSE
PHI,NYSE
PHIN,NYSE
PHIO,NASDAQ
PHK,NYSE
PHM,NYSE
PHOE,NASDAQ
PHR,NYSE
PHUN,NASDAQ
PHVS,NASDAQ
PHXE$,NYSE
PI,NASDAQ
PII,NYSE
PIII,NASDAQ
PIIIW,NASDAQ
PIM,NYSE
PINC,NASDAQ
PINE,NYSE
PINS,NYSE
PIPR,NYSE
PJT,NYSE
PK,NYSE
PKBK,NASDAQ
PKE,NYSE
PKG,NYSE
PKOH,NASDAQ
PKST,NYSE
PKX,NYSE
PL,NYSE
PL.W,NYSE
PLAB,NASDAQ
PLAG,NYSE
PLAY,NASDAQ
PLBC,NASDAQ
PLBL,NASDAQ
PLBY,NASDAQ
PLCE,NASDAQ
PLD,NYSE
PLG,NYSE
PLMK,NASDAQ
PLMKU,NASDAQ
PLMKW,NASDAQ
PLMR,NASDAQ
PLNT,NYSE
PLOW,NYSE
PLPC,NASDAQ
PLRX,NASDAQ
PLRZ,NASDAQ
PLSE,NASDAQ
PLTK,NASDAQ
PLTR,NASDAQ
PLTS,NASDAQ
PLUG,NASDAQ
PLUR,NASDAQ
PLUS,NASDAQ
PLUT,NASDAQ
PLX,NYSE
PLXS,NASDAQ
PLYM,NYSE
PM,NYSE
PMAX,NASDAQ
PMCB,NASDAQ
PMEC,NASDAQ
PMI,NYSE
PML,NYSE
PMM,NYSE
PMNT,NYSE
PMO,NYSE
PMT,NYSE
PMT$A,NYSE
PMT$B,NYSE
PMT$C,NYSE
PMTR,NASDAQ
PMTRU,NASDAQ
PMTRW,NASDAQ
PMTS,NASDAQ
PMTU,NYSE
PMTV,NYSE
PMTW,NYSE
PMVP,NASDAQ
PN,NASDAQ
PNBK,NASDAQ
PNC,NYSE
PNFP,NASDAQ
PNFPP,NASDAQ
PNI,NYSE
PNNT,NYSE
PNR,NYSE
PNRG,NASDAQ
PNTG,NASDAQ
PNW,NYSE
POCI,NASDAQ
PODC,NASDAQ
PODD,NASDAQ
POET,NASDAQ
POLA,NASDAQ
POLE,NASDAQ
POLEU,NASDAQ
POLEW,NASDAQ
POM,NASDAQ
PONY,NASDAQ
POOL,NASDAQ
POR,NYSE
POST,NYSE
POWI,NASDAQ
POWL,NASDAQ
POWW,NASDAQ
POWWP,NASDAQ
PPC,NASDAQ
PPCB,NASDAQ
PPG,NYSE
PPIH,NASDAQ
PPL,NYSE
PPSI,NASDAQ
PPT,NYSE
PPTA,NASDAQ
PR,NYSE
PRA,NYSE
PRAA,NASDAQ
PRAX,NASDAQ
PRCH,NASDAQ
PRCT,NASDAQ
PRDO,NASDAQ
PRE,NASDAQ
PRENW,NASDAQ
PRFX,NASDAQ
PRG,NYSE
PRGO,NYSE
PRGS,NASDAQ
PRH,NYSE
PRHI,NASDAQ
PRHIZ,NASDAQ
PRI,NYSE
PRIF$D,NYSE
PRIF$J,NYSE
PRIF$K,NYSE
PRIF$L,NYSE
PRIM,NYSE
PRK,NYSE
PRKS,NYSE
PRLB,NYSE
PRLD,NASDAQ
PRM,NYSE
PRMB,NYSE
PRME,NASDAQ
PRO,NYSE
PROF,NASDAQ
PROK,NASDAQ
PROP,NASDAQ
PROV,NASDAQ
PRPL,NASDAQ
PRPO,NASDAQ
PRQR,NASDAQ
PRS,NYSE
PRSO,NASDAQ
PRSU,NYSE
PRT,NYSE
PRTA,NASDAQ
PRTC,NASDAQ
PRTH,NASDAQ
PRU,NYSE
PRVA,NASDAQ
PRZO,NASDAQ
PSA,NYSE
PSA$F,NYSE
PSA$G,NYSE
PSA$H,NYSE
PSA$I,NYSE
PSA$J,NYSE
PSA$K,NYSE
PSA$L,NYSE
PSA$M,NYSE
PSA$N,NYSE
PSA$O,NYSE
PSA$P,NYSE
PSA$Q,NYSE
PSA$R,NYSE
PSA$S,NYSE
PSBD,NYSE
PSEC,NASDAQ
PSEC$A,NYSE
PSF,NYSE
PSFE,NYSE
PSHG,NASDAQ
PSIG,NASDAQ
PSIX,NASDAQ
PSKY,NASDAQ
PSMT,NASDAQ
PSN,NYSE
PSNL,NASDAQ
PSNY,NASDAQ
PSNYW,NASDAQ
PSO,NYSE
PSQH,NYSE
PSQH.W,NYSE
PSTG,NYSE
PSTL,NYSE
PSX,NYSE
PT,NASDAQ
PTA,NYSE
PTC,NASDAQ
PTCT,NASDAQ
PTEN,NASDAQ
PTGX,NASDAQ
PTHS,NYSE
PTIX,NASDAQ
PTIXW,NASDAQ
PTLO,NASDAQ
PTNM,NASDAQ
PTON,NASDAQ
PTRN,NASDAQ
PTY,NYSE
PUBM,NASDAQ
PUK,NYSE
PULM,NASDAQ
PUMP,NYSE
PVBC,NASDAQ
PVH,NYSE
PVL,NYSE
PVLA,NASDAQ
PW,NYSE
PW$A,NYSE
PWP,NASDAQ
PWR,NYSE
PX,NYSE
PXED,NYSE
PXLW,NASDAQ
PXS,NASDAQ
PYPD,NASDAQ
PYPL,NASDAQ
PYT,NYSE
PYXS,NASDAQ
PZG,NYSE
PZZA,NASDAQ
Q,NYSE
QBTS,NYSE
QBTS.W,NYSE
QCLS,NASDAQ
QCOM,NASDAQ
QCRH,NASDAQ
QD,NYSE
QDEL,NASDAQ
QFIN,NASDAQ
QGEN,NYSE
QH,NASDAQ
QIPT,NASDAQ
QLGN,NASDAQ
QLYS,NASDAQ
QMCO,NASDAQ
QMMM,NASDAQ
QNCX,NASDAQ
QNRX,NASDAQ
QNST,NASDAQ
QNTM,NASDAQ
QQQX,NASDAQ
QRHC,NASDAQ
QRVO,NASDAQ
QS,NYSE
QSEA,NASDAQ
QSEAR,NASDAQ
QSEAU,NASDAQ
QSG,NASDAQ
QSI,NASDAQ
QSIAW,NASDAQ
QSR,NYSE
QTRX,NASDAQ
QTWO,NYSE
QUAD,NYSE
QUBT,NASDAQ
QUIK,NASDAQ
QUMS,NASDAQ
QUMSR,NASDAQ
QUMSU,NASDAQ
QURE,NASDAQ
QVCC,NYSE
QVCD,NYSE
QVCGA,NASDAQ
QVCGP,NASDAQ
QXO,NYSE
QXO$B,NYSE
R,NYSE
RA,NYSE
RAAQ,NASDAQ
RAAQU,NASDAQ
RAAQW,NASDAQ
RAC,NYSE
RAC.U,NYSE
RAC.W,NYSE
RACE,NYSE
RADX,NASDAQ
RAIL,NASDAQ
RAINW,NASDAQ
RAL,NYSE
RAMP,NYSE
RAND,NASDAQ
RANG,NASDAQ
RANGR,NASDAQ
RANGU,NASDAQ
RAPP,NASDAQ
RAPT,NASDAQ
RARE,NASDAQ
RAVE,NASDAQ
RAYA,NASDAQ
RBA,NYSE
RBB,NASDAQ
RBBN,NASDAQ
RBC,NYSE
RBCAA,NASDAQ
RBKB,NASDAQ
RBLX,NYSE
RBNE,NASDAQ
RBOT,NYSE
RBOT.W,NYSE
RBRK,NYSE
RC,NYSE
RC$C,NYSE
RC$E,NYSE
RCAT,NASDAQ
RCB,NYSE
RCC,NYSE
RCD,NYSE
RCEL,NASDAQ
RCG,NYSE
RCI,NYSE
RCKT,NASDAQ
RCKTW,NASDAQ
RCKY,NASDAQ
RCL,NYSE
RCMT,NASDAQ
RCON,NASDAQ
RCS,NYSE
RCT,NASDAQ
RCUS,NYSE
RDAC,NASDAQ
RDACR,NASDAQ
RDACU,NASDAQ
RDAG,NASDAQ
RDAGU,NASDAQ
RDAGW,NASDAQ
RDCM,NASDAQ
RDDT,NYSE
RDGT,NASDAQ
RDI,NASDAQ
RDIB,NASDAQ
RDN,NYSE
RDNT,NASDAQ
RDNW,NASDAQ
RDVT,NASDAQ
RDW,NYSE
RDWR,NASDAQ
RDY,NYSE
RDZN,NASDAQ
RDZNW,NASDAQ
REAL,NASDAQ
REAX,NASDAQ
RECT,NASDAQ
REFI,NASDAQ
REFR,NASDAQ
REG,NASDAQ
REGCO,NASDAQ
REGCP,NASDAQ
REGN,NASDAQ
REI,NYSE
REKR,NASDAQ
RELI,NASDAQ
RELIW,NASDAQ
RELL,NASDAQ
RELX,NYSE
RELY,NASDAQ
RENT,NASDAQ
REPL,NASDAQ
REPX,NYSE
RERE,NYSE
RES,NYSE
RETO,NASDAQ
REVB,NASDAQ
REVBW,NASDAQ
REVG,NYSE
REX,NYSE
REXR,NYSE
REXR$B,NYSE
REXR$C,NYSE
REYN,NASDAQ
REZI,NYSE
RF,NYSE
RF$C,NYSE
RF$E,NYSE
RF$F,NYSE
RFAI,NASDAQ
RFAIR,NASDAQ
RFAIU,NASDAQ
RFI,NYSE
RFIL,NASDAQ
RFL,NYSE
RFL.W,NYSE
RFM,NYSE
RFMZ,NYSE
RGA,NYSE
RGC,NASDAQ
RGCO,NASDAQ
RGEN,NASDAQ
RGLD,NASDAQ
RGNX,NASDAQ
RGP,NASDAQ
RGR,NYSE
RGS,NASDAQ
RGT,NYSE
RGTI,NASDAQ
RGTIW,NASDAQ
RH,NYSE
RHI,NYSE
RHLD,NYSE
RHP,NYSE
RIBB,NASDAQ
RIBBR,NASDAQ
RIBBU,NASDAQ
RICK,NASDAQ
RIG,NYSE
RIGL,NASDAQ
RILY,NASDAQ
RILYG,NASDAQ
RILYK,NASDAQ
RILYL,NASDAQ
RILYN,NASDAQ
RILYP,NASDAQ
RILYT,NASDAQ
RILYZ,NASDAQ
RIME,NASDAQ
RIO,NYSE
RIOT,NASDAQ
RITM,NYSE
RITM$A,NYSE
RITM$B,NYSE
RITM$C,NYSE
RITM$D,NYSE
RITM$E,NYSE
RITR,NASDAQ
RIV,NYSE
RIV$A,NYSE
RIVN,NASDAQ
RJF,NYSE
RJF$B,NYSE
RKDA,NASDAQ
RKLB,NASDAQ
RKT,NYSE
RL,NYSE
RLAY,NASDAQ
RLGT,NYSE
RLI,NYSE
RLJ,NYSE
RLJ$A,NYSE
RLMD,NASDAQ
RLTY,NYSE
RLX,NYSE
RM,NYSE
RMAX,NYSE
RMBI,NASDAQ
RMBS,NASDAQ
RMCO,NASDAQ
RMCOW,NASDAQ
RMD,NYSE
RMI,NYSE
RMM,NYSE
RMMZ,NYSE
RMNI,NASDAQ
RMR,NASDAQ
RMSG,NASDAQ
RMSGW,NASDAQ
RMT,NYSE
RMTI,NASDAQ
RNA,NASDAQ
RNAC,NASDAQ
RNAZ,NASDAQ
RNG,NYSE
RNGR,NYSE
RNGTU,NASDAQ
RNP,NYSE
RNR,NYSE
RNR$F,NYSE
RNR$G,NYSE
RNST,NYSE
RNTX,NASDAQ
RNW,NASDAQ
RNWWW,NASDAQ
RNXT,NASDAQ
ROAD,NASDAQ
ROCK,NASDAQ
ROG,NYSE
ROIV,NASDAQ
ROK,NYSE
ROKU,NASDAQ
ROL,NYSE
ROLR,NYSE
ROMA,NASDAQ
ROOT,NASDAQ
ROP,NASDAQ
ROST,NASDAQ
RPAY,NASDAQ
RPD,NASDAQ
RPGL,NASDAQ
RPID,NASDAQ
RPM,NYSE
RPRX,NASDAQ
RPT,NYSE
RPT$C,NYSE
RPTX,NASDAQ
RQI,NYSE
RR,NASDAQ
RRBI,NASDAQ
RRC,NYSE
RRGB,NASDAQ
RRR,NASDAQ
RRX,NYSE
RS,NYSE
RSF,NYSE
RSG,NYSE
RSI,NYSE
RSKD,NYSE
RSSS,NASDAQ
RSVR,NASDAQ
RSVRW,NASDAQ
RTAC,NASDAQ
RTACU,NASDAQ
RTACW,NASDAQ
RTO,NYSE
RTX,NYSE
RUBI,NASDAQ
RUM,NASDAQ
RUMBW,NASDAQ
RUN,NASDAQ
RUSHA,NASDAQ
RUSHB,NASDAQ
RVLV,NYSE
RVMD,NASDAQ
RVMDW,NASDAQ
RVP,NYSE
RVPHW,NASDAQ
RVSB,NASDAQ
RVSNW,NASDAQ
RVT,NYSE
RVTY,NYSE
RWAY,NASDAQ
RWAYL,NASDAQ
RWAYZ,NASDAQ
RWT,NYSE
RWT$A,NYSE
RWTN,NYSE
RWTO,NYSE
RWTP,NYSE
RXO,NYSE
RXRX,NASDAQ
RXST,NASDAQ
RXT,NASDAQ
RY,NYSE
RYAAY,NASDAQ
RYAM,NYSE
RYAN,NYSE
RYDE,NYSE
RYET,NASDAQ
RYI,NYSE
RYM,NASDAQ
RYN,NYSE
RYOJ,NASDAQ
RYTM,NASDAQ
RZB,NYSE
RZC,NYSE
RZLT,NASDAQ
RZLV,NASDAQ
RZLVW,NASDAQ
S,NYSE
SA,NYSE
SABA,NYSE
SABR,NASDAQ
SABS,NASDAQ
SABSW,NASDAQ
SACH,NYSE
SACH$A,NYSE
SAFE,NYSE
SAFT,NASDAQ
SAFX,NASDAQ
SAGT,NASDAQ
SAH,NYSE
SAIA,NASDAQ
SAIC,NASDAQ
SAIH,NASDAQ
SAIHW,NASDAQ
SAIL,NASDAQ
SAJ,NYSE
SAM,NYSE
SAMG,NASDAQ
SAN,NYSE
SANA,NASDAQ
SANG,NASDAQ
SANM,NASDAQ
SAP,NYSE
SAR,NYSE
SARO,NYSE
SAT,NYSE
SATL,NASDAQ
SATLW,NASDAQ
SATS,NASDAQ
SAVA,NASDAQ
SAY,NYSE
SAZ,NYSE
SB,NYSE
SB$C,NYSE
SB$D,NYSE
SBAC,NASDAQ
SBC,NASDAQ
SBCF,NASDAQ
SBCWW,NASDAQ
SBDS,NYSE
SBET,NASDAQ
SBEV,NYSE
SBFG,NASDAQ
SBFM,NASDAQ
SBFMW,NASDAQ
SBGI,NASDAQ
SBH,NYSE
SBI,NYSE
SBLK,NASDAQ
SBLX,NASDAQ
SBR,NYSE
SBRA,NASDAQ
SBS,NYSE
SBSI,NYSE
SBSW,NYSE
SBUX,NASDAQ
SBXD,NYSE
SBXD.U,NYSE
SBXD.W,NYSE
SCAG,NASDAQ
SCAGW,NASDAQ
SCCD,NYSE
SCCE,NYSE
SCCF,NYSE
SCCG,NYSE
SCCO,NYSE
SCD,NYSE
SCE$G,NYSE
SCE$J,NYSE
SCE$K,NYSE
SCE$L,NYSE
SCE$M,NYSE
SCE$N,NYSE
SCHL,NASDAQ
SCHW,NYSE
SCHW$D,NYSE
SCHW$J,NYSE
SCI,NYSE
SCKT,NASDAQ
SCL,NYSE
SCLX,NASDAQ
SCLXW,NASDAQ
SCM,NYSE
SCNI,NASDAQ
SCOR,NASDAQ
SCS,NYSE
SCSC,NASDAQ
SCVL,NASDAQ
SD,NYSE
SDA,NASDAQ
SDAWW,NASDAQ
SDGR,NASDAQ
SDHC,NYSE
SDHI,NASDAQ
SDHIR,NASDAQ
SDHIU,NASDAQ
SDHY,NYSE
SDM,NASDAQ
SDOT,NASDAQ
SDRL,NYSE
SDST,NASDAQ
SDSTW,NASDAQ
SE,NYSE
SEAL$A,NYSE
SEAL$B,NYSE
SEAT,NASDAQ
SEATW,NASDAQ
SEB,NYSE
SEDG,NASDAQ
SEE,NYSE
SEED,NASDAQ
SEER,NASDAQ
SEG,NYSE
SEGG,NASDAQ
SEI,NYSE
SEIC,NASDAQ
SELF,NASDAQ
SELX,NASDAQ
SEM,NYSE
SEMR,NYSE
SENEA,NASDAQ
SENEB,NASDAQ
SENS,NYSE
SEPN,NASDAQ
SER,NYSE
SERA,NASDAQ
SERV,NASDAQ
SES,NYSE
SES.W,NYSE
SEV,NASDAQ
SEVN,NASDAQ
SEZL,NASDAQ
SF,NYSE
SF$B,NYSE
SF$C,NYSE
SF$D,NYSE
SFB,NYSE
SFBC,NASDAQ
SFBS,NYSE
SFD,NASDAQ
SFIX,NASDAQ
SFL,NYSE
SFM,NASDAQ
SFNC,NASDAQ
SFST,NASDAQ
SFWL,NASDAQ
SG,NYSE
SGA,NASDAQ
SGBX,NASDAQ
SGC,NASDAQ
SGD,NASDAQ
SGHC,NYSE
SGHT,NASDAQ
SGI,NYSE
SGLY,NASDAQ
SGML,NASDAQ
SGMT,NASDAQ
SGN,NYSE
SGRP,NASDAQ
SGRY,NASDAQ
SGU,NYSE
SHAK,NYSE
SHBI,NASDAQ
SHC,NASDAQ
SHCO,NYSE
SHEL,NYSE
SHEN,NASDAQ
SHFS,NASDAQ
SHFSW,NASDAQ
SHG,NYSE
SHIM,NASDAQ
SHIP,NASDAQ
SHLS,NASDAQ
SHMD,NASDAQ
SHMDW,NASDAQ
SHO,NYSE
SHO$H,NYSE
SHO$I,NYSE
SHOO,NASDAQ
SHOP,NASDAQ
SHPH,NASDAQ
SHW,NYSE
SI,NYSE
SIBN,NASDAQ
SID,NYSE
SIDU,NASDAQ
SIEB,NASDAQ
SIF,NYSE
SIFY,NASDAQ
SIG,NYSE
SIGA,NASDAQ
SIGI,NASDAQ
SIGIP,NASDAQ
SII,NYSE
SILA,NYSE
SILC,NASDAQ
SIM,NYSE
SIMA,NASDAQ
SIMAU,NASDAQ
SIMAW,NASDAQ
SIMO,NASDAQ
SINT,NASDAQ
SION,NASDAQ
SIRI,NASDAQ
SITC,NYSE
SITE,NYSE
SITM,NASDAQ
SJM,NYSE
SJT,NYSE
SKBL,NASDAQ
SKE,NYSE
SKIL,NYSE
SKIN,NASDAQ
SKLZ,NYSE
SKM,NYSE
SKT,NYSE
SKWD,NASDAQ
SKY,NYSE
SKYE,NASDAQ
SKYH,NYSE
SKYH.W,NYSE
SKYT,NASDAQ
SKYW,NASDAQ
SKYX,NASDAQ
SLAB,NASDAQ
SLAI,NYSE
SLB,NYSE
SLDB,NASDAQ
SLDE,NASDAQ
SLDP,NASDAQ
SLDPW,NASDAQ
SLE,NASDAQ
SLF,NYSE
SLG,NYSE
SLG$I,NYSE
SLGB,NASDAQ
SLGL,NASDAQ
SLGN,NYSE
SLI,NYSE
SLM,NASDAQ
SLMBP,NASDAQ
SLMT,NASDAQ
SLN,NASDAQ
SLND,NYSE
SLND.W,NYSE
SLNG,NASDAQ
SLNH,NASDAQ
SLNHP,NASDAQ
SLNO,NASDAQ
SLP,NASDAQ
SLQT,NYSE
SLRC,NASDAQ
SLRX,NASDAQ
SLS,NASDAQ
SLSN,NASDAQ
SLSR,NYSE
SLVM,NYSE
SLXNW,NASDAQ
SM,NYSE
SMA,NYSE
SMBC,NASDAQ
SMBK,NYSE
SMC,NYSE
SMCI,NASDAQ
SMFG,NYSE
SMG,NYSE
SMHB,NYSE
SMHI,NYSE
SMID,NASDAQ
SMLR,NASDAQ
SMMT,NASDAQ
SMP,NYSE
SMPL,NASDAQ
SMR,NYSE
SMRT,NYSE
SMTC,NASDAQ
SMTI,NASDAQ
SMWB,NYSE
SMX,NASDAQ
SMXT,NASDAQ
SMXWW,NASDAQ
SN,NYSE
SNA,NYSE
SNAL,NASDAQ
SNAP,NYSE
SNBR,NASDAQ
SNCR,NASDAQ
SNCY,NASDAQ
SND,NASDAQ
SNDA,NYSE
SNDK,NASDAQ
SNDL,NASDAQ
SNDR,NYSE
SNDX,NASDAQ
SNES,NASDAQ
SNEX,NASDAQ
SNFCA,NASDAQ
SNN,NYSE
SNOA,NASDAQ
SNOW,NYSE
SNPS,NASDAQ
SNSE,NASDAQ
SNT,NASDAQ
SNTG,NASDAQ
SNTI,NASDAQ
SNV,NYSE
SNV$D,NYSE
SNV$E,NYSE
SNWV,NASDAQ
SNX,NYSE
SNY,NASDAQ
SNYR,NASDAQ
SO,NYSE
SOAR,NYSE
SOBO,NYSE
SOBR,NASDAQ
SOC,NYSE
SOCA,NASDAQ
SOCAU,NASDAQ
SOCAW,NASDAQ
SOFI,NASDAQ
SOGP,NASDAQ
SOHOB,NASDAQ
SOHON,NASDAQ
SOHOO,NASDAQ
SOHU,NASDAQ
SOJC,NYSE
SOJD,NYSE
SOJE,NYSE
SOJF,NYSE
SOL,NYSE
SOLS,NASDAQ
SOLV,NYSE
SON,NYSE
SONDW,NASDAQ
SONN,NASDAQ
SONO,NASDAQ
SONY,NYSE
SOPA,NASDAQ
SOPH,NASDAQ
SOR,NYSE
SORA,NASDAQ
SOS,NYSE
SOTK,NASDAQ
SOUL,NYSE
SOUL.R,NYSE
SOUL.U,NYSE
SOUN,NASDAQ
SOUNW,NASDAQ
SPAI,NASDAQ
SPB,NYSE
SPCB,NASDAQ
SPCE,NYSE
SPE,NYSE
SPE$C,NYSE
SPEG,NASDAQ
SPEGR,NASDAQ
SPEGU,NASDAQ
SPFI,NASDAQ
SPG,NYSE
SPG$J,NYSE
SPGI,NYSE
SPH,NYSE
SPHR,NYSE
SPIR,NYSE
SPKL,NASDAQ
SPKLU,NASDAQ
SPKLW,NASDAQ
SPMA,NYSE
SPMC,NYSE
SPME,NYSE
SPNS,NASDAQ
SPNT,NYSE
SPNT$B,NYSE
SPOK,NASDAQ
SPOT,NYSE
SPPL,NASDAQ
SPR,NYSE
SPRB,NASDAQ
SPRC,NASDAQ
SPRO,NASDAQ
SPRU,NYSE
SPRY,NASDAQ
SPSC,NASDAQ
SPT,NASDAQ
SPWH,NASDAQ
SPWR,NASDAQ
SPWRW,NASDAQ
SPXC,NYSE
SPXX,NYSE
SQFT,NASDAQ
SQFTP,NASDAQ
SQFTW,NASDAQ
SQM,NYSE
SQNS,NYSE
SR,NYSE
SR$A,NYSE
SRAD,NASDAQ
SRBK,NASDAQ
SRCE,NASDAQ
SRDX,NASDAQ
SRE,NYSE
SREA,NYSE
SRFM,NYSE
SRG,NYSE
SRG$A,NYSE
SRI,NYSE
SRL,NYSE
SRPT,NASDAQ
SRRK,NASDAQ
SRTA,NASDAQ
SRTAW,NASDAQ
SRTS,NASDAQ
SRV,NYSE
SRXH,NYSE
SRZN,NASDAQ
SRZNW,NASDAQ
SSB,NYSE
SSBI,NASDAQ
SSD,NYSE
SSEA,NASDAQ
SSEAR,NASDAQ
SSEAU,NASDAQ
SSII,NASDAQ
SSL,NYSE
SSM,NASDAQ
SSNC,NASDAQ
SSP,NASDAQ
SSRM,NASDAQ
SSSS,NASDAQ
SSSSL,NASDAQ
SST,NYSE
SSTI,NASDAQ
SSTK,NYSE
SSYS,NASDAQ
ST,NYSE
STAA,NASDAQ
STAG,NYSE
STAI,NASDAQ
STBA,NASDAQ
STC,NYSE
STE,NYSE
STEC,NASDAQ
STEL,NYSE
STEM,NYSE
STEP,NASDAQ
STEW,NYSE
STEX,NASDAQ
STG,NYSE
STGW,NASDAQ
STHO,NASDAQ
STI,NASDAQ
STIM,NASDAQ
STK,NYSE
STKE,NASDAQ
STKH,NASDAQ
STKL,NASDAQ
STKS,NASDAQ
STLA,NYSE
STLD,NASDAQ
STM,NYSE
STN,NYSE
STNE,NASDAQ
STNG,NYSE
STOK,NASDAQ
STRA,NASDAQ
STRC,NASDAQ
STRD,NASDAQ
STRF,NASDAQ
STRK,NASDAQ
STRL,NASDAQ
STRR,NASDAQ
STRRP,NASDAQ
STRS,NASDAQ
STRT,NASDAQ
STRW,NYSE
STRZ,NASDAQ
STSS,NASDAQ
STSSW,NASDAQ
STT,NYSE
STT$G,NYSE
STTK,NASDAQ
STUB,NYSE
STVN,NYSE
STWD,NYSE
STX,NASDAQ
STXS,NYSE
STZ,NYSE
SU,NYSE
SUGP,NASDAQ
SUI,NYSE
SUN,NYSE
SUNE,NASDAQ
SUNS,NASDAQ
SUPN,NASDAQ
SUPV,NYSE
SUPX,NASDAQ
SURG,NASDAQ
SUUN,NASDAQ
SUZ,NYSE
SVA,NASDAQ
SVAC,NASDAQ
SVACU,NASDAQ
SVACW,NASDAQ
SVC,NASDAQ
SVCC,NASDAQ
SVCCU,NASDAQ
SVCCW,NASDAQ
SVCO,NASDAQ
SVM,NYSE
SVRA,NASDAQ
SVRE,NASDAQ
SVREW,NASDAQ
SVV,NYSE
SW,NYSE
SWAG,NASDAQ
SWAGW,NASDAQ
SWBI,NASDAQ
SWIM,NASDAQ
SWK,NYSE
SWKH,NASDAQ
SWKHL,NASDAQ
SWKS,NASDAQ
SWVL,NASDAQ
SWVLW,NASDAQ
SWX,NYSE
SWZ,NYSE
SXC,NYSE
SXI,NYSE
SXT,NYSE
SXTC,NASDAQ
SXTP,NASDAQ
SXTPW,NASDAQ
SY,NASDAQ
SYBT,NASDAQ
SYBX,NASDAQ
SYF,NYSE
SYF$A,NYSE
SYF$B,NYSE
SYK,NYSE
SYM,NASDAQ
SYNA,NASDAQ
SYNX,NYSE
SYPR,NASDAQ
SYRE,NASDAQ
SYY,NYSE
SZZL,NASDAQ
SZZLR,NASDAQ
SZZLU,NASDAQ
T,NYSE
T$A,NYSE
T$C,NYSE
TAC,NYSE
TACH,NASDAQ
TACHU,NASDAQ
TACHW,NASDAQ
TACO,NASDAQ
TACOU,NASDAQ
TACOW,NASDAQ
TACT,NASDAQ
TAIT,NASDAQ
TAK,NYSE
TAL,NYSE
TALK,NASDAQ
TALKW,NASDAQ
TALO,NYSE
TANH,NASDAQ
TAOP,NASDAQ
TAOX,NASDAQ
TAP,NYSE
TAP.A,NYSE
TARA,NASDAQ
TARS,NASDAQ
TASK,NASDAQ
TATT,NASDAQ
TAVI,NASDAQ
TAVIR,NASDAQ
TAVIU,NASDAQ
TAYD,NASDAQ
TBB,NYSE
TBBB,NYSE
TBBK,NASDAQ
TBCH,NASDAQ
TBH,NASDAQ
TBHC,NASDAQ
TBI,NYSE
TBLA,NASDAQ
TBLAW,NASDAQ
TBLD,NASDAQ
TBMC,NASDAQ
TBMCR,NASDAQ
TBN,NYSE
TBPH,NASDAQ
TBRG,NASDAQ
TC,NASDAQ
TCBI,NASDAQ
TCBIO,NASDAQ
TCBK,NASDAQ
TCBS,NASDAQ
TCBX,NYSE
TCGL,NYSE
TCI,NYSE
TCMD,NASDAQ
TCOM,NASDAQ
TCPA,NYSE
TCPC,NASDAQ
TCRT,NASDAQ
TCRX,NASDAQ
TCX,NASDAQ
TD,NYSE
TDAC,NASDAQ
TDACU,NASDAQ
TDACW,NASDAQ
TDC,NYSE
TDF,NYSE
TDG,NYSE
TDIC,NASDAQ
TDOC,NYSE
TDS,NYSE
TDS$U,NYSE
TDS$V,NYSE
TDUP,NASDAQ
TDW,NYSE
TDY,NYSE
TE,NYSE
TE.W,NYSE
TEAD,NASDAQ
TEAF,NYSE
TEAM,NASDAQ
TECH,NASDAQ
TECK,NYSE
TECTP,NASDAQ
TECX,NASDAQ
TEF,NYSE
TEI,NYSE
TEL,NYSE
TELA,NASDAQ
TELO,NASDAQ
TEM,NASDAQ
TEN,NYSE
TEN$E,NYSE
TEN$F,NYSE
TENB,NASDAQ
TENX,NASDAQ
TEO,NYSE
TER,NASDAQ
TERN,NASDAQ
TEVA,NYSE
TEX,NYSE
TFC,NYSE
TFC$I,NYSE
TFC$O,NYSE
TFC$R,NYSE
TFII,NYSE
TFIN,NYSE
TFIN$,NYSE
TFPM,NYSE
TFSA,NYSE
TFSL,NASDAQ
TFX,NYSE
TG,NYSE
TGB,NYSE
TGE,NYSE
TGE.W,NYSE
TGEN,NYSE
TGHL,NASDAQ
TGL,NASDAQ
TGLS,NYSE
TGNA,NYSE
TGS,NYSE
TGT,NYSE
TGTX,NASDAQ
TH,NASDAQ
THAR,NASDAQ
THC,NYSE
THCH,NASDAQ
THFF,NASDAQ
THG,NYSE
THH,NASDAQ
THM,NYSE
THO,NYSE
THQ,NYSE
THR,NYSE
THRM,NASDAQ
THRY,NASDAQ
THS,NYSE
THW,NYSE
TIC,NYSE
TIGO,NASDAQ
TIGR,NASDAQ
TIL,NASDAQ
TILE,NASDAQ
TIMB,NYSE
TIPT,NASDAQ
TIRX,NASDAQ
TISI,NYSE
TITN,NASDAQ
TIVC,NASDAQ
TJX,NYSE
TK,NYSE
TKC,NYSE
TKLF,NASDAQ
TKNO,NASDAQ
TKO,NYSE
TKR,NYSE
TLF,NASDAQ
TLK,NYSE
TLN,NASDAQ
TLNC,NASDAQ
TLNCU,NASDAQ
TLNCW,NASDAQ
TLPH,NASDAQ
TLRY,NASDAQ
TLS,NASDAQ
TLSA,NASDAQ
TLSI,NASDAQ
TLSIW,NASDAQ
TLX,NASDAQ
TLYS,NYSE
TM,NYSE
TMC,NASDAQ
TMCI,NASDAQ
TMCWW,NASDAQ
TMDE,NYSE
TMDX,NASDAQ
TME,NYSE
TMHC,NYSE
TMO,NYSE
TMP,NYSE
TMQ,NYSE
TMUS,NASDAQ
TMUSI,NASDAQ
TMUSL,NASDAQ
TMUSZ,NASDAQ
TNC,NYSE
TNDM,NASDAQ
TNET,NYSE
TNGX,NASDAQ
TNK,NYSE
TNL,NYSE
TNON,NASDAQ
TNONW,NASDAQ
TNXP,NASDAQ
TNYA,NASDAQ
TOI,NASDAQ
TOIIW,NASDAQ
TOL,NYSE
TOMZ,NASDAQ
TOON,NYSE
TOP,NASDAQ
TOPP,NYSE
TOPS,NYSE
TORO,NASDAQ
TOST,NYSE
TOVX,NYSE
TOWN,NASDAQ
TOYO,NASDAQ
TPB,NYSE
TPC,NYSE
TPCS,NASDAQ
TPET,NYSE
TPG,NASDAQ
TPGXL,NASDAQ
TPH,NYSE
TPL,NYSE
TPR,NYSE
TPST,NASDAQ
TPTA,NYSE
TPVG,NYSE
TR,NYSE
TRAK,NYSE
TRAW,NASDAQ
TRC,NYSE
TRDA,NASDAQ
TREE,NASDAQ
TREX,NYSE
TRGP,NYSE
TRI,NASDAQ
TRIB,NASDAQ
TRIN,NASDAQ
TRINI,NASDAQ
TRINZ,NASDAQ
TRIP,NASDAQ
TRMB,NASDAQ
TRMD,NASDAQ
TRMK,NASDAQ
TRN,NYSE
TRNO,NYSE
TRNR,NASDAQ
TRNS,NASDAQ
TRON,NASDAQ
TROO,NASDAQ
TROW,NASDAQ
TROX,NYSE
TRP,NYSE
TRS,NASDAQ
TRSG,NASDAQ
TRST,NASDAQ
TRT,NYSE
TRTN$A,NYSE
TRTN$B,NYSE
TRTN$C,NYSE
TRTN$D,NYSE
TRTN$E,NYSE
TRTN$F,NYSE
TRTX,NYSE
TRTX$C,NYSE
TRU,NYSE
TRUE,NASDAQ
TRUG,NASDAQ
TRUP,NASDAQ
TRV,NYSE
TRVG,NASDAQ
TRVI,NASDAQ
TRX,NYSE
TS,NYSE
TSAT,NASDAQ
TSBK,NASDAQ
TSCO,NASDAQ
TSE,NYSE
TSEM,NASDAQ
TSHA,NASDAQ
TSI,NYSE
TSLA,NASDAQ
TSLX,NYSE
TSM,NYSE
TSN,NYSE
TSQ,NYSE
TSSI,NASDAQ
TT,NYSE
TTAM,NYSE
TTAN,NASDAQ
TTC,NYSE
TTD,NASDAQ
TTE,NYSE
TTEC,NASDAQ
TTEK,NASDAQ
TTGT,NASDAQ
TTI,NYSE
TTMI,NASDAQ
TTRX,NASDAQ
TTSH,NASDAQ
TTWO,NASDAQ
TU,NYSE
TURB,NASDAQ
TUSK,NASDAQ
TUYA,NYSE
TV,NYSE
TVA,NASDAQ
TVACU,NASDAQ
TVACW,NASDAQ
TVAI,NASDAQ
TVAIR,NASDAQ
TVAIU,NASDAQ
TVC,NYSE
TVE,NYSE
TVGNW,NASDAQ
TVRD,NASDAQ
TVTX,NASDAQ
TW,NASDAQ
TWFG,NASDAQ
TWG,NASDAQ
TWI,NYSE
TWIN,NASDAQ
TWLO,NYSE
TWN,NYSE
TWO,NYSE
TWO$A,NYSE
TWO$B,NYSE
TWO$C,NYSE
TWOD,NYSE
TWST,NASDAQ
TX,NYSE
TXG,NASDAQ
TXMD,NASDAQ
TXN,NASDAQ
TXNM,NYSE
TXO,NYSE
TXRH,NASDAQ
TXT,NYSE
TY,NYSE
TY$,NYSE
TYG,NYSE
TYGO,NASDAQ
TYL,NYSE
TYRA,NASDAQ
TZOO,NASDAQ
TZUP,NASDAQ
U,NYSE
UA,NYSE
UAA,NYSE
UAL,NASDAQ
UAMY,NYSE
UAN,NYSE
UAVS,NYSE
UBCP,NASDAQ
UBER,NYSE
UBFO,NASDAQ
UBS,NYSE
UBSI,NASDAQ
UBXG,NASDAQ
UCAR,NASDAQ
UCB,NYSE
UCFI,NASDAQ
UCFIW,NASDAQ
UCIB,NYSE
UCL,NASDAQ
UCTT,NASDAQ
UDMY,NASDAQ
UDR,NYSE
UE,NYSE
UEC,NYSE
UEIC,NASDAQ
UFCS,NASDAQ
UFG,NASDAQ
UFI,NYSE
UFPI,NASDAQ
UFPT,NASDAQ
UG,NASDAQ
UGI,NYSE
UGP,NYSE
UGRO,NASDAQ
UHAL,NYSE
UHAL.B,NYSE
UHG,NASDAQ
UHGWW,NASDAQ
UHS,NYSE
UHT,NYSE
UI,NYSE
UIS,NYSE
UK,NASDAQ
UKOMW,NASDAQ
UL,NYSE
ULBI,NASDAQ
ULCC,NASDAQ
ULH,NASDAQ
ULS,NYSE
ULTA,NASDAQ
UMAC,NYSE
UMBF,NASDAQ
UMBFO,NASDAQ
UMC,NYSE
UMH,NYSE
UMH$D,NYSE
UNB,NASDAQ
UNCY,NASDAQ
UNF,NYSE
UNFI,NYSE
UNH,NYSE
UNIT,NASDAQ
UNM,NYSE
UNMA,NYSE
UNP,NYSE
UNTY,NASDAQ
UOKA,NASDAQ
UONE,NASDAQ
UP,NYSE
UPB,NASDAQ
UPBD,NASDAQ
UPC,NASDAQ
UPLD,NASDAQ
UPS,NYSE
UPST,NASDAQ
UPWK,NASDAQ
UPXI,NASDAQ
URBN,NASDAQ
URG,NYSE
URGN,NASDAQ
URI,NYSE
UROY,NASDAQ
USA,NYSE
USAC,NYSE
USAR,NASDAQ
USARW,NASDAQ
USAS,NYSE
USAU,NASDAQ
USB,NYSE
USB$A,NYSE
USB$H,NYSE
USB$P,NYSE
USB$Q,NYSE
USB$R,NYSE
USB$S,NYSE
USBC,NYSE
USCB,NASDAQ
USEA,NASDAQ
USEG,NASDAQ
USFD,NYSE
USGO,NASDAQ
USGOW,NASDAQ
USIO,NASDAQ
USLM,NASDAQ
USNA,NYSE
USPH,NYSE
UTF,NYSE
UTG,NYSE
UTHR,NASDAQ
UTI,NYSE
UTL,NYSE
UTMD,NASDAQ
UTSI,NASDAQ
UTZ,NYSE
UUU,NYSE
UUUU,NYSE
UVE,NYSE
UVSP,NASDAQ
UVV,NYSE
UWMC,NYSE
UWMC.W,NYSE
UXIN,NASDAQ
UYSC,NASDAQ
UYSCR,NASDAQ
UYSCU,NASDAQ
UZD,NYSE
UZE,NYSE
UZF,NYSE
V,NYSE
VABK,NASDAQ
VAC,NYSE
VACH,NASDAQ
VACHU,NASDAQ
VACHW,NASDAQ
VACI.U,NYSE
VAL,NYSE
VAL.W,NYSE
VALE,NYSE
VALN,NASDAQ
VALU,NASDAQ
VANI,NASDAQ
VATE,NYSE
VBF,NYSE
VBIX,NASDAQ
VBNK,NASDAQ
VC,NASDAQ
VCEL,NASDAQ
VCIC,NASDAQ
VCICU,NASDAQ
VCICW,NASDAQ
VCIG,NASDAQ
VCTR,NASDAQ
VCV,NYSE
VCYT,NASDAQ
VECO,NASDAQ
VEEAW,NASDAQ
VEEE,NASDAQ
VEEV,NYSE
VEL,NYSE
VELO,NASDAQ
VENU,NYSE
VEON,NASDAQ
VERA,NASDAQ
VERI,NASDAQ
VERO,NASDAQ
VERU,NASDAQ
VERX,NASDAQ
VET,NYSE
VFC,NYSE
VFF,NASDAQ
VFL,NYSE
VFS,NASDAQ
VFSWW,NASDAQ
VG,NYSE
VGAS,NASDAQ
VGASW,NASDAQ
VGI,NYSE
VGM,NYSE
VGZ,NYSE
VHC,NASDAQ
VHI,NYSE
VIA,NYSE
VIASP,NASDAQ
VIAV,NASDAQ
VICI,NYSE
VICR,NASDAQ
VIK,NYSE
VINP,NASDAQ
VIOT,NASDAQ
VIPS,NYSE
VIR,NASDAQ
VIRC,NASDAQ
VIRT,NYSE
VIST,NYSE
VITL,NASDAQ
VIV,NYSE
VIVS,NASDAQ
VKI,NYSE
VKQ,NYSE
VKTX,NASDAQ
VLGEA,NASDAQ
VLN,NYSE
VLN.W,NYSE
VLO,NYSE
VLRS,NYSE
VLT,NYSE
VLTO,NYSE
VLY,NASDAQ
VLYPN,NASDAQ
VLYPO,NASDAQ
VLYPP,NASDAQ
VMAR,NASDAQ
VMC,NYSE
VMD,NASDAQ
VMEO,NASDAQ
VMI,NYSE
VMO,NYSE
VNCE,NASDAQ
VNDA,NASDAQ
VNET,NASDAQ
VNME,NASDAQ
VNMEU,NASDAQ
VNMEW,NASDAQ
VNO,NYSE
VNO$L,NYSE
VNO$M,NYSE
VNO$N,NYSE
VNO$O,NYSE
VNOM,NASDAQ
VNRX,NYSE
VNT,NYSE
VNTG,NYSE
VOC,NYSE
VOD,NASDAQ
VOR,NASDAQ
VOXR,NASDAQ
VOYA,NYSE
VOYA$B,NYSE
VOYG,NYSE
VPG,NYSE
VPV,NYSE
VRA,NASDAQ
VRAR,NASDAQ
VRCA,NASDAQ
VRDN,NASDAQ
VRE,NYSE
VREX,NASDAQ
VRM,NASDAQ
VRME,NASDAQ
VRNS,NASDAQ
VRNT,NASDAQ
VRRM,NASDAQ
VRSK,NASDAQ
VRSN,NASDAQ
VRT,NYSE
VRTS,NYSE
VRTX,NASDAQ
VS,NASDAQ
VSA,NASDAQ
VSAT,NASDAQ
VSCO,NYSE
VSEC,NASDAQ
VSH,NYSE
VSME,NASDAQ
VSSYW,NASDAQ
VST,NYSE
VSTA,NASDAQ
VSTD,NASDAQ
VSTM,NASDAQ
VSTS,NYSE
VTAK,NYSE
VTEX,NYSE
VTGN,NASDAQ
VTLE,NYSE
VTMX,NYSE
VTN,NYSE
VTOL,NYSE
VTR,NYSE
VTRS,NASDAQ
VTS,NYSE
VTSI,NASDAQ
VTVT,NASDAQ
VTYX,NASDAQ
VUZI,NASDAQ
VVOS,NASDAQ
VVPR,NASDAQ
VVR,NYSE
VVV,NYSE
VVX,NYSE
VWAV,NASDAQ
VWAVW,NASDAQ
VXX,NYSE
VXZ,NYSE
VYGR,NASDAQ
VYX,NYSE
VZ,NYSE
VZLA,NYSE
W,NYSE
WAB,NYSE
WABC,NASDAQ
WAFD,NASDAQ
WAFDP,NASDAQ
WAFU,NASDAQ
WAI,NASDAQ
WAL,NYSE
WAL$A,NYSE
WALD,NASDAQ
WALDW,NASDAQ
WASH,NASDAQ
WAT,NYSE
WATT,NASDAQ
WAVE,NASDAQ
WAY,NASDAQ
WB,NASDAQ
WBD,NASDAQ
WBI,NYSE
WBS,NYSE
WBS$F,NYSE
WBS$G,NYSE
WBTN,NASDAQ
WBUY,NASDAQ
WBX,NYSE
WCC,NYSE
WCN,NYSE
WD,NYSE
WDAY,NASDAQ
WDC,NASDAQ
WDFC,NASDAQ
WDH,NYSE
WDI,NYSE
WDS,NYSE
WEA,NYSE
WEAV,NYSE
WEC,NYSE
WELL,NYSE
WEN,NASDAQ
WENN,NASDAQ
WENNU,NASDAQ
WENNW,NASDAQ
WERN,NASDAQ
WES,NYSE
WEST,NASDAQ
WETH,NASDAQ
WETO,NASDAQ
WEX,NYSE
WEYS,NASDAQ
WF,NYSE
WFC,NYSE
WFC$A,NYSE
WFC$C,NYSE
WFC$D,NYSE
WFC$L,NYSE
WFC$Y,NYSE
WFC$Z,NYSE
WFCF,NASDAQ
WFG,NYSE
WFRD,NASDAQ
WGO,NYSE
WGRX,NASDAQ
WGS,NASDAQ
WGSWW,NASDAQ
WH,NYSE
WHD,NYSE
WHF,NASDAQ
WHFCL,NASDAQ
WHG,NYSE
WHLR,NASDAQ
WHLRD,NASDAQ
WHLRL,NASDAQ
WHLRP,NASDAQ
WHR,NYSE
WHWK,NASDAQ
WIA,NYSE
WILC,NASDAQ
WIMI,NASDAQ
WINA,NASDAQ
WING,NASDAQ
WIT,NYSE
WIW,NYSE
WIX,NASDAQ
WK,NYSE
WKC,NYSE
WKEY,NASDAQ
WKHS,NASDAQ
WKSP,NASDAQ
WLAC,NASDAQ
WLACU,NASDAQ
WLACW,NASDAQ
WLDN,NASDAQ
WLDS,NASDAQ
WLDSW,NASDAQ
WLFC,NASDAQ
WLK,NYSE
WLKP,NYSE
WLY,NYSE
WLYB,NYSE
WM,NYSE
WMB,NYSE
WMG,NASDAQ
WMK,NYSE
WMS,NYSE
WMT,NYSE
WNC,NYSE
WNEB,NASDAQ
WNW,NASDAQ
WOK,NASDAQ
WOLF,NYSE
WOOF,NASDAQ
WOR,NYSE
WOW,NYSE
WPC,NYSE
WPM,NYSE
WPP,NYSE
WPRT,NASDAQ
WRAP,NASDAQ
WRB,NYSE
WRB$E,NYSE
WRB$F,NYSE
WRB$G,NYSE
WRB$H,NYSE
WRBY,NYSE
WRD,NASDAQ
WRLD,NASDAQ
WRN,NYSE
WS,NYSE
WSBC,NASDAQ
WSBCO,NASDAQ
WSBCP,NASDAQ
WSBF,NASDAQ
WSBK,NASDAQ
WSC,NASDAQ
WSFS,NASDAQ
WSM,NYSE
WSO,NYSE
WSO.B,NYSE
WSR,NYSE
WST,NYSE
WSTNU,NASDAQ
WT,NYSE
WTBA,NASDAQ
WTF,NASDAQ
WTFC,NASDAQ
WTFCN,NASDAQ
WTG,NASDAQ
WTGUR,NASDAQ
WTGUU,NASDAQ
WTI,NYSE
WTM,NYSE
WTO,NASDAQ
WTRG,NYSE
WTS,NYSE
WTTR,NYSE
WTW,NASDAQ
WU,NYSE
WULF,NASDAQ
WVE,NASDAQ
WVVI,NASDAQ
WVVIP,NASDAQ
WW,NASDAQ
WWD,NASDAQ
WWR,NYSE
WWW,NYSE
WXM,NASDAQ
WY,NYSE
WYFI,NASDAQ
WYHG,NASDAQ
WYNN,NASDAQ
WYY,NYSE
XAIR,NASDAQ
XBIO,NASDAQ
XBIT,NASDAQ
XBPEW,NASDAQ
XCH,NASDAQ
XCUR,NASDAQ
XEL,NASDAQ
XELB,NASDAQ
XELLL,NASDAQ
XENE,NASDAQ
XERS,NASDAQ
XFLT,NYSE
XFOR,NASDAQ
XGN,NASDAQ
XHG,NASDAQ
XHR,NYSE
XIFR,NYSE
XMTR,NASDAQ
XNCR,NASDAQ
XNET,NASDAQ
XOM,NYSE
XOMA,NASDAQ
XOMAO,NASDAQ
XOMAP,NASDAQ
XOS,NASDAQ
XOSWW,NASDAQ
XP,NASDAQ
XPEL,NASDAQ
XPER,NYSE
XPEV,NYSE
XPL,NYSE
XPO,NYSE
XPOF,NYSE
XPON,NASDAQ
XPRO,NYSE
XRAY,NASDAQ
XRPN,NASDAQ
XRPNU,NASDAQ
XRPNW,NASDAQ
XRX,NASDAQ
XTIA,NASDAQ
XTKG,NASDAQ
XTLB,NASDAQ
XTNT,NYSE
XWEL,NASDAQ
XXII,NASDAQ
XYF,NYSE
XYL,NYSE
XYZ,NYSE
XZO,NYSE
YAAS,NASDAQ
YALA,NYSE
YB,NASDAQ
YCBD,NYSE
YCY,NYSE
YCY.U,NYSE
YCY.W,NYSE
YDDL,NASDAQ
YDES,NASDAQ
YDESW,NASDAQ
YDKG,NASDAQ
YELP,NYSE
YETI,NYSE
YEXT,NYSE
YHC,NASDAQ
YHGJ,NASDAQ
YHNA,NASDAQ
YHNAR,NASDAQ
YHNAU,NASDAQ
YI,NASDAQ
YIBO,NASDAQ
YJ,NASDAQ
YMAT,NASDAQ
YMM,NYSE
YMT,NASDAQ
YORW,NASDAQ
YOU,NYSE
YOUL,NASDAQ
YPF,NYSE
YQ,NASDAQ
YRD,NYSE
YSG,NYSE
YSXT,NASDAQ
YTRA,NASDAQ
YUM,NYSE
YUMC,NYSE
YXT,NASDAQ
YYAI,NASDAQ
Z,NASDAQ
ZBAI,NASDAQ
ZBAO,NASDAQ
ZBH,NYSE
ZBIO,NASDAQ
ZBRA,NASDAQ
ZCMD,NASDAQ
ZD,NASDAQ
ZDGE,NYSE
ZENA,NASDAQ
ZENV,NASDAQ
ZEO,NASDAQ
ZEOWW,NASDAQ
ZEPP,NYSE
ZETA,NYSE
ZEUS,NASDAQ
ZG,NASDAQ
ZGM,NASDAQ
ZGN,NYSE
ZH,NYSE
ZIM,NYSE
ZION,NASDAQ
ZIONP,NASDAQ
ZIP,NYSE
ZJK,NASDAQ
ZK,NYSE
ZKH,NYSE
ZKIN,NASDAQ
ZLAB,NASDAQ
ZM,NASDAQ
ZNB,NASDAQ
ZNTL,NASDAQ
ZONE,NYSE
ZOOZ,NASDAQ
ZOOZW,NASDAQ
ZS,NASDAQ
ZSPC,NASDAQ
ZTO,NYSE
ZTR,NYSE
ZTS,NYSE
ZUMZ,NASDAQ
ZURA,NASDAQ
ZVIA,NYSE
ZVRA,NASDAQ
ZWS,NYSE
ZYBT,NASDAQ
ZYME,NASDAQ
ZYXI,NASDAQ
