id,ticker,symbol
17120,A,A
16484,AA,AA
16970,AACT,AACT
16336,AAM,AAM
17169,AAMI,AAMI
16968,AAP,AAP
10775,AAPGV,AAPGV
16283,AAT,AAT
17853,AAUC,AAUC
17736,AB,AB
16673,ABBV,ABBV
10782,ABCB,ABCB
16733,ABEV,ABEV
17139,ABG,ABG
17032,ABM,ABM
17105,ABR,ABR
10795,ABST,ABST
16674,ABT,ABT
16532,AC,AC
17544,ACA,ACA
17934,ACCO,ACCO
16946,ACCS,ACCS
16501,ACEL,ACEL
10810,ACHL,ACHL
17556,ACHR,ACHR
17955,ACI,ACI
10815,ACLO,ACLO
17609,ACN,ACN
17938,ACP,ACP
16236,ACR,ACR
16472,ACRE,ACRE
10826,ACST,ACST
16341,ACU,ACU
17391,ACV,ACV
10830,ACVA,ACVA
10835,ADAL,ADAL
10836,ADALU,ADALU
10837,ADALW,ADALW
17777,ADC,ADC
16650,ADCT,ADCT
16761,ADM,ADM
17137,ADNT,ADNT
10849,ADOCR,ADOCR
16927,ADT,ADT
16947,ADX,ADX
10863,AEBIV,AEBIV
16495,AEE,AEE
17676,AEF,AEF
16462,AEFC,AEFC
16972,AEG,AEG
10864,AEHA,AEHA
16867,AEM,AEM
17180,AEO,AEO
17267,AEON,AEON
10873,AEPPZ,AEPPZ
16768,AER,AER
17462,AES,AES
17362,AESI,AESI
16414,AFG,AFG
17717,AFGB,AFGB
16225,AFGC,AFGC
17554,AFGD,AFGD
17178,AFGE,AFGE
10882,AFMD,AFMD
16944,AG,AG
16804,AGCO,AGCO
16570,AGD,AGD
10891,AGFS,AGFS
17504,AGI,AGI
16995,AGL,AGL
16778,AGM,AGM
16783,AGN,AGN
17481,AGO,AGO
16864,AGR,AGR
16253,AGRO,AGRO
16591,AGS,AGS
10907,AGTC,AGTC
16736,AGX,AGX
17474,AHH,AHH
10912,AHI,AHI
16206,AHL,AHL
10913,AHRNU,AHRNU
17360,AHT,AHT
17337,AI,AI
17088,AIG,AIG
10921,AILE,AILE
16801,AIN,AIN
17209,AIR,AIR
17064,AIT,AIT
10940,AITR,AITR
10941,AITRR,AITRR
10942,AITRU,AITRU
17156,AJG,AJG
16479,AJRD,AJRD
17375,AKA,AKA
16411,AKR,AKR
10949,AKUS,AKUS
10950,AKYA,AKYA
16354,AL,AL
17141,ALB,ALB
17279,ALC,ALC
16564,ALE,ALE
17210,ALG,ALG
16510,ALIT,ALIT
16451,ALK,ALK
10972,ALKSV,ALKSV
16171,ALL,ALL
17390,ALLE,ALLE
16535,ALLY,ALLY
10980,ALOR,ALOR
10981,ALORU,ALORU
10982,ALORW,ALORW
10984,ALPS,ALPS
17331,ALSN,ALSN
16394,ALTG,ALTG
10989,ALTIW,ALTIW
16392,ALV,ALV
16799,ALX,ALX
10996,ALYAF,ALYAF
17499,AM,AM
10999,AMAO,AMAO
11000,AMAOW,AMAOW
17838,AMC,AMC
17274,AME,AME
11009,AMEH,AMEH
16956,AMG,AMG
16873,AMH,AMH
16290,AMK,AMK
16823,AMN,AMN
16841,AMP,AMP
17476,AMR,AMR
11023,AMRS,AMRS
17658,AMT,AMT
16530,AMX,AMX
16573,AN,AN
17471,ANET,ANET
17466,ANF,ANF
11040,ANGIV,ANGIV
11054,ANSS,ANSS
16884,ANTM,ANTM
17722,AON,AON
11059,AONCW,AONCW
17087,AOS,AOS
11064,APCXW,APCXW
17649,APD,APD
16418,APH,APH
16412,APLE,APLE
11076,APMIU,APMIU
16808,APO,APO
11084,APRN,APRN
17645,APTV,APTV
16862,AR,AR
11097,ARBGU,ARBGU
16477,ARCH,ARCH
11102,ARCK,ARCK
11103,ARCKU,ARCKU
11104,ARCKW,ARCKW
17891,ARCO,ARCO
17247,ARD,ARD
16502,ARE,ARE
17752,ARES,ARES
17417,ARG,ARG
11110,ARGU,ARGU
11111,ARGUU,ARGUU
11112,ARGUW,ARGUW
16798,ARI,ARI
16159,ARMK,ARMK
16955,ARNC,ARNC
11126,ARTE,ARTE
11127,ARTEU,ARTEU
16413,ARW,ARW
16449,ASB,ASB
16402,ASGN,ASGN
16558,ASH,ASH
16671,ASIX,ASIX
11162,ASTX,ASTX
11167,ATCOL,ATCOL
17517,ATEN,ATEN
16486,ATGE,ATGE
16847,ATH,ATH
17826,ATI,ATI
11175,ATIF,ATIF
17898,ATKR,ATKR
16151,ATO,ATO
17678,ATR,ATR
16440,ATU,ATU
16143,ATUS,ATUS
16920,ATVI,ATVI
11211,AURC,AURC
11216,AVACU,AVACU
17792,AVB,AVB
17951,AVD,AVD
16264,AVK,AVK
17190,AVLR,AVLR
11226,AVMC,AVMC
17823,AVNS,AVNS
17957,AVNT,AVNT
11231,AVRO,AVRO
17121,AVY,AVY
17269,AWF,AWF
16401,AWI,AWI
16762,AWK,AWK
16514,AWP,AWP
16369,AWR,AWR
16360,AX,AX
17347,AXL,AXL
11240,AXNX,AXNX
17099,AXP,AXP
16566,AXR,AXR
17392,AXS,AXS
17671,AYI,AYI
17667,AYX,AYX
17899,AZEK,AZEK
17575,AZO,AZO
17040,BA,BA
16172,BABA,BABA
17767,BAC,BAC
16739,BAH,BAH
16537,BAK,BAK
17508,BALY,BALY
16142,BAM,BAM
16436,BANC,BANC
16267,BAP,BAP
17202,BAX,BAX
16266,BB,BB
16649,BBD,BBD
17317,BBDO,BBDO
16441,BBL,BBL
17083,BBN,BBN
17303,BBU,BBU
16839,BBVA,BBVA
17346,BBW,BBW
17935,BBY,BBY
17926,BC,BC
16701,BCE,BCE
16832,BCH,BCH
11287,BCLI,BCLI
11290,BCOR,BCOR
17433,BCS,BCS
17021,BDC,BDC
17713,BDJ,BDJ
17945,BDN,BDN
16335,BDX,BDX
16464,BE,BE
17308,BEN,BEN
17883,BF.A,BF.A
16407,BF.B,BF.B
17428,BFAM,BFAM
16910,BFS,BFS
16899,BFZ,BFZ
17923,BG,BG
17710,BGB,BGB
16575,BGH,BGH
16270,BGR,BGR
11332,BGRY,BGRY
11333,BGRYW,BGRYW
17457,BGS,BGS
17378,BGT,BGT
16757,BGX,BGX
17547,BGY,BGY
17236,BH,BH
17446,BHC,BHC
17894,BHE,BHE
16516,BHK,BHK
16561,BHP,BHP
16730,BHV,BHV
16645,BIF,BIF
17775,BIG,BIG
16942,BIO,BIO
11350,BIOSU,BIOSU
17371,BIP,BIP
17685,BIT,BIT
17442,BJ,BJ
16872,BK,BK
16837,BKD,BKD
16272,BKE,BKE
16557,BKH,BKH
16682,BKI,BKI
17765,BKN,BKN
17402,BKT,BKT
16528,BLD,BLD
17603,BLK,BLK
16715,BLL,BLL
16943,BLW,BLW
17216,BLX,BLX
16481,BMA,BMA
11391,BMAQU,BMAQU
17218,BME,BME
16933,BMEZ,BMEZ
16207,BMI,BMI
16144,BMO,BMO
17084,BMY,BMY
17627,BNED,BNED
17427,BNS,BNS
16800,BNY,BNY
16755,BOE,BOE
17672,BOH,BOH
17909,BOX,BOX
17648,BP,BP
11431,BPMC,BPMC
17804,BRBR,BRBR
16318,BRC,BRC
17052,BRFS,BRFS
16851,BRK.B,BRK.B
11448,BRLI,BRLI
11449,BRLIR,BRLIR
11450,BRLIU,BRLIU
11451,BRLIW,BRLIW
16571,BRO,BRO
11457,BROG,BROG
17241,BRT,BRT
16240,BRX,BRX
16619,BSAC,BSAC
16983,BSBR,BSBR
16945,BSL,BSL
17720,BSM,BSM
16989,BSMX,BSMX
17459,BSTZ,BSTZ
17231,BSX,BSX
16208,BTI,BTI
11514,BTMDW,BTMDW
17255,BTO,BTO
17289,BTT,BTT
17810,BTU,BTU
16526,BTZ,BTZ
16753,BUD,BUD
17430,BUI,BUI
11522,BUJA,BUJA
11526,BULLZ,BULLZ
16525,BURL,BURL
16592,BV,BV
16404,BVN,BVN
16642,BW,BW
17302,BWA,BWA
11534,BWCAU,BWCAU
16366,BWG,BWG
11539,BWMX,BWMX
17410,BWXT,BWXT
16529,BX,BX
16596,BXC,BXC
16885,BXG,BXG
17033,BXMT,BXMT
16186,BXMX,BXMX
17580,BXP,BXP
17295,BXS,BXS
17374,BYD,BYD
17245,BYM,BYM
11542,BYON,BYON
17533,BZH,BZH
16932,C,C
17220,CAE,CAE
17872,CAF,CAF
16675,CAG,CAG
16185,CAJ,CAJ
16794,CAL,CAL
17890,CARR,CARR
17907,CARS,CARS
16731,CAT,CAT
11589,CAUD,CAUD
16176,CB,CB
11590,CBAN,CBAN
17288,CBB,CBB
17679,CBD,CBD
17070,CBH,CBH
16232,CBOE,CBOE
16827,CBRE,CBRE
17576,CBT,CBT
16913,CBU,CBU
16809,CBZ,CBZ
16310,CC,CC
11599,CCAIU,CCAIU
11604,CCCM,CCCM
11605,CCCMU,CCCMU
11606,CCCMW,CCCMW
17879,CCH,CCH
16574,CCI,CCI
16511,CCJ,CCJ
16311,CCK,CCK
17620,CCL,CCL
17724,CCM,CCM
16876,CCO,CCO
16403,CCS,CCS
16689,CCU,CCU
16926,CCZ,CCZ
17131,CDAY,CDAY
16386,CDE,CDE
11639,CDMO,CDMO
17849,CDR,CDR
16819,CE,CE
17263,CEA,CEA
17917,CEE,CEE
16182,CELP,CELP
16748,CEM,CEM
17412,CEN,CEN
16952,CEO,CEO
16408,CEQP,CEQP
17080,CF,CF
11676,CFB,CFB
17143,CFG,CFG
11681,CFMS,CFMS
16934,CFR,CFR
16990,CFX,CFX
17161,CGA,CGA
11688,CGBS,CGBS
11689,CGBSW,CGBSW
17757,CHCT,CHCT
17897,CHD,CHD
17863,CHE,CHE
16836,CHGG,CHGG
17870,CHH,CHH
16994,CHK,CHK
16476,CHL,CHL
17545,CHPT,CHPT
17635,CHS,CHS
16997,CHT,CHT
16953,CHUY,CHUY
11733,CHX,CHX
16679,CI,CI
17074,CIA,CIA
16195,CIB,CIB
17451,CIEN,CIEN
16998,CIG,CIG
11741,CIH,CIH
17735,CII,CII
11742,CIIGU,CIIGU
16855,CIM,CIM
17882,CINR,CINR
16578,CIO,CIO
17493,CIR,CIR
11749,CISSV,CISSV
17636,CIT,CIT
16991,CKH,CKH
17637,CL,CL
17835,CLB,CLB
16717,CLDR,CLDR
17112,CLDT,CLDT
11757,CLEU,CLEU
17307,CLF,CLF
16749,CLGX,CLGX
17686,CLH,CLH
16475,CLI,CLI
11761,CLINW,CLINW
16297,CLR,CLR
16391,CLS,CLS
11777,CLSA,CLSA
11778,CLSC,CLSC
11784,CLVS,CLVS
17249,CLW,CLW
17855,CLX,CLX
11786,CLXT,CLXT
17869,CMA,CMA
17086,CMC,CMC
17259,CMG,CMG
16770,CMI,CMI
16247,CMP,CMP
11796,CMPOV,CMPOV
16374,CMRE,CMRE
11801,CMRX,CMRX
17012,CMS,CMS
17506,CMU,CMU
16239,CNA,CNA
11808,CNFRL,CNFRL
17739,CNHI,CNHI
17697,CNI,CNI
16903,CNK,CNK
16180,CNO,CNO
16325,CNP,CNP
17150,CNQ,CNQ
16453,CNR,CNR
16704,CNS,CNS
16425,CODI,CODI
16651,COF,COF
16725,COG,COG
17364,COLD,COLD
17208,COP,COP
17745,COR,COR
17399,COTY,COTY
11858,COWNL,COWNL
16821,CP,CP
17942,CPA,CPA
11861,CPAA,CPAA
11862,CPAAU,CPAAU
11863,CPAAW,CPAAW
11864,CPARU,CPARU
17818,CPE,CPE
17449,CPF,CPF
17293,CPG,CPG
17151,CPK,CPK
16614,CPLG,CPLG
11868,CPLP,CPLP
17828,CPRI,CPRI
17501,CPS,CPS
17885,CPSI,CPSI
16842,CPT,CPT
16196,CR,CR
11876,CRACU,CRACU
16456,CRC,CRC
16646,CRD.A,CRD.A
16293,CRD.B,CRD.B
17718,CRH,CRH
17661,CRI,CRI
16569,CRK,CRK
16242,CRL,CRL
17186,CRM,CRM
17766,CRS,CRS
16280,CRT,CRT
16992,CRY,CRY
17455,CS,CS
17006,CSL,CSL
11928,CSLMF,CSLMF
11929,CSNR,CSNR
11932,CSRE,CSRE
17097,CSV,CSV
11935,CSW,CSW
17075,CTA,CTA
11941,CTCXW,CTCXW
16718,CTL,CTL
16951,CTLT,CTLT
16279,CTO,CTO
16442,CTR,CTR
16741,CTRA,CTRA
11950,CTRMV,CTRMV
16572,CTS,CTS
17780,CTT,CTT
17034,CTVA,CTVA
11956,CUBA,CUBA
16590,CUBE,CUBE
17518,CUK,CUK
17244,CULP,CULP
16584,CURO,CURO
16145,CUZ,CUZ
16681,CVA,CVA
16367,CVE,CVE
17925,CVEO,CVEO
17257,CVG,CVG
17118,CVI,CVI
11970,CVII,CVII
11971,CVIIU,CVIIU
11972,CVIIW,CVIIW
11974,CVLG,CVLG
17400,CVNA,CVNA
17285,CVS,CVS
17673,CVX,CVX
17173,CW,CW
16565,CWEN,CWEN
17904,CWH,CWH
16459,CWK,CWK
17368,CWT,CWT
16431,CX,CX
17630,CXE,CXE
17862,CXH,CXH
16331,CXO,CXO
17230,CXP,CXP
16636,CXW,CXW
16316,CYD,CYD
17753,CYH,CYH
17593,CZZ,CZZ
16843,D,D
16432,DAC,DAC
16593,DAL,DAL
16276,DAN,DAN
16351,DAR,DAR
17629,DAVA,DAVA
16958,DB,DB
17867,DBD,DBD
12017,DBGIW,DBGIW
16362,DBL,DBL
12018,DBTX,DBTX
17420,DCF,DCF
16629,DCI,DCI
17865,DCO,DCO
17496,DCP,DCP
12026,DCPH,DCPH
17136,DCT,DCT
16738,DD,DD
17372,DDD,DDD
16259,DDS,DDS
16789,DE,DE
17485,DEA,DEA
12031,DECAU,DECAU
16981,DELL,DELL
17548,DEO,DEO
12039,DFFN,DFFN
16963,DFIN,DFIN
17564,DFS,DFS
17219,DG,DG
12047,DGHI,DGHI
12052,DGNU,DGNU
16250,DGX,DGX
12062,DHCA,DHCA
17332,DHF,DHF
17328,DHI,DHI
17408,DHR,DHR
17222,DHT,DHT
16358,DHX,DHX
16541,DIAX,DIAX
12067,DICE,DICE
16728,DIN,DIN
17010,DIS,DIS
12069,DISTU,DISTU
16977,DK,DK
17335,DKL,DKL
16497,DKS,DKS
16678,DLB,DLB
12075,DLCAU,DLCAU
17534,DLNG,DLNG
17839,DLR,DLR
16304,DM,DM
16288,DMO,DMO
12090,DMX,DMX
12092,DNAB,DNAB
12093,DNAD,DNAD
17319,DNB,DNB
16512,DNOW,DNOW
17528,DNZ,DNZ
17134,DO,DO
17947,DOC,DOC
16554,DOOR,DOOR
17793,DOV,DOV
16334,DOW,DOW
16594,DPG,DPG
17439,DQ,DQ
12107,DRAY,DRAY
16415,DRD,DRD
16355,DRH,DRH
17250,DRI,DRI
17529,DRQ,DRQ
17458,DS,DS
12125,DSKE,DSKE
16446,DSL,DSL
17782,DSM,DSM
17889,DSU,DSU
17320,DSX,DSX
17729,DT,DT
16669,DTE,DTE
17356,DTF,DTF
12139,DUET,DUET
12140,DUETU,DUETU
12141,DUETW,DUETW
17252,DUK,DUK
17538,DUKB,DUKB
16834,DV,DV
16370,DVN,DVN
17195,DWIN,DWIN
16579,DX,DX
17881,DXB,DXB
17677,DY,DY
12183,DYNI,DYNI
17028,E,E
17066,EAF,EAF
16254,EAI,EAI
16941,EARN,EARN
16487,EAT,EAT
17411,EB,EB
16163,EBF,EBF
17246,EBR,EBR
17875,EBS,EBS
12194,EBTC,EBTC
17365,EC,EC
17660,ECC,ECC
16252,ECL,ECL
17163,ECOM,ECOM
17755,ED,ED
17760,EDF,EDF
16683,EDI,EDI
17394,EDN,EDN
17497,EDU,EDU
12212,EDUT,EDUT
17886,EE,EE
16339,EEA,EEA
16961,EEX,EEX
17376,EFC,EFC
16744,EFR,EFR
16321,EFT,EFT
12221,EFTR,EFTR
16203,EFX,EFX
17931,EG,EG
16661,EGP,EGP
16659,EGY,EGY
16676,EHC,EHC
12232,EHLDV,EHLDV
17063,EIC,EIC
17361,EIX,EIX
17291,EL,EL
12241,ELEV,ELEV
12245,ELON,ELON
12257,EMBK,EMBK
12258,EMBKW,EMBKW
17625,EMF,EMF
17318,EMN,EMN
16503,EMR,EMR
16980,ENB,ENB
17382,ENBL,ENBL
12270,ENCP,ENCP
16314,ENIA,ENIA
16962,ENIC,ENIC
17147,ENJ,ENJ
17229,ENLC,ENLC
16631,ENO,ENO
16735,ENR,ENR
17011,ENS,ENS
12282,ENTR,ENTR
12284,ENTXW,ENTXW
16330,ENV,ENV
17284,ENVA,ENVA
16328,EOCC,EOCC
16732,EOI,EOI
16892,EOS,EOS
16455,EPAM,EPAM
17306,EPC,EPC
16822,EPD,EPD
17460,EPR,EPR
17726,EPRT,EPRT
16979,EQH,EQH
16549,ES,ES
17690,ESE,ESE
12309,ESEAV,ESEAV
12314,ESGR,ESGR
16383,ESNT,ESNT
16971,ESRT,ESRT
17465,ESS,ESS
12327,ESSA,ESSA
17290,ESTC,ESTC
17791,ET,ET
17519,ETG,ETG
16930,ETH,ETH
17007,ETJ,ETJ
16916,ETN,ETN
17613,ETO,ETO
17484,ETR,ETR
16848,ETRN,ETRN
17111,ETV,ETV
17336,ETW,ETW
16174,ETX,ETX
16344,ETY,ETY
16817,EURN,EURN
16604,EV,EV
16463,EVA,EVA
17650,EVC,EVC
17171,EVF,EVF
16793,EVG,EVG
16524,EVH,EVH
17044,EVN,EVN
16261,EVR,EVR
16754,EVRI,EVRI
17940,EVT,EVT
16262,EVTC,EVTC
12354,EVTR,EVTR
17398,EW,EW
12359,EWEB,EWEB
17601,EXD,EXD
16200,EXG,EXG
16326,EXK,EXK
17498,EXP,EXP
12373,EXPD,EXPD
17531,EXPR,EXPR
16854,EXR,EXR
16881,EXTN,EXTN
17395,F,F
16966,FAF,FAF
17597,FAM,FAM
12397,FARO,FARO
12400,FATAV,FATAV
12403,FATBV,FATBV
12404,FATBW,FATBW
16648,FBC,FBC
17532,FBHS,FBHS
16758,FBP,FBP
17243,FC,FC
17919,FCAU,FCAU
17776,FCF,FCF
16204,FCN,FCN
17854,FCPT,FCPT
16149,FCT,FCT
17932,FCX,FCX
16268,FDP,FDP
17058,FDS,FDS
16806,FDX,FDX
16390,FE,FE
17549,FEDU,FEDU
17167,FENG,FENG
17128,FEO,FEO
16286,FET,FET
17057,FF,FF
17022,FFA,FFA
17090,FFC,FFC
16555,FFG,FFG
12469,FFNW,FFNW
17824,FGB,FGB
16628,FHI,FHI
12484,FHLT,FHLT
12485,FHLTU,FHLTU
12486,FHLTW,FHLTW
17098,FHN,FHN
17540,FI,FI
17608,FICO,FICO
12490,FICV,FICV
12491,FICVU,FICVU
12492,FICVW,FICVW
16300,FIF,FIF
16274,FINS,FINS
16489,FIS,FIS
17779,FIV,FIV
12506,FIVR,FIVR
16540,FIX,FIX
12509,FIXT,FIXT
16627,FL,FL
12514,FLAC,FLAC
12515,FLACW,FLACW
16978,FLC,FLC
12518,FLDD,FLDD
12523,FLJ,FLJ
17013,FLNG,FLNG
17041,FLO,FLO
17588,FLR,FLR
16866,FLS,FLS
17670,FLT,FLT
12531,FLXN,FLXN
16850,FLY,FLY
17177,FMC,FMC
12542,FMKT,FMKT
17656,FMN,FMN
16663,FMS,FMS
16895,FMX,FMX
17655,FMY,FMY
17751,FN,FN
16507,FND,FND
16465,FNF,FNF
17703,FOE,FOE
17272,FOR,FOR
17339,FOUR,FOUR
17796,FPF,FPF
16760,FPH,FPH
16309,FPI,FPI
16243,FR,FR
17610,FRA,FRA
12577,FRBN,FRBN
12578,FRBNU,FRBNU
12579,FRBNW,FRBNW
17403,FRC,FRC
12582,FREQ,FREQ
12583,FRES,FRES
12584,FRGAP,FRGAP
12587,FRLA,FRLA
12588,FRLAU,FRLAU
12589,FRLAW,FRLAW
16707,FRO,FRO
12595,FRRSF,FRRSF
16606,FRT,FRT
16781,FSB,FSB
16919,FSD,FSD
17525,FSK,FSK
16508,FSLY,FSLY
17509,FSM,FSM
16201,FSS,FSS
12613,FTAA,FTAA
12614,FTAAW,FTAAW
17110,FTCH,FTCH
17543,FTI,FTI
16694,FTK,FTK
12633,FTPA,FTPA
12634,FTPAW,FTPAW
17611,FTS,FTS
16500,FTV,FTV
16615,FUL,FUL
17617,FUN,FUN
17614,FVRR,FVRR
12664,FWP,FWP
12667,FXCO,FXCO
12668,FXCOR,FXCOR
12669,FXCOW,FXCOW
17514,G,G
17737,GAB,GAB
17773,GAM,GAM
12687,GATE,GATE
12688,GATEU,GATEU
12689,GATEW,GATEW
17254,GATX,GATX
12691,GBBKW,GBBKW
17946,GBL,GBL
12694,GBNY,GBNY
12695,GBRG,GBRG
17024,GBX,GBX
17887,GCI,GCI
17834,GCO,GCO
17225,GD,GD
16769,GDDY,GDDY
16969,GDO,GDO
16234,GDOT,GDOT
12710,GDST,GDST
12711,GDSTR,GDSTR
12712,GDSTU,GDSTU
12713,GDSTW,GDSTW
17369,GDV,GDV
17507,GE,GE
17689,GEF,GEF
12724,GEHCV,GEHCV
16146,GEL,GEL
12728,GENQU,GENQU
12730,GENY,GENY
16199,GEO,GEO
16690,GES,GES
12733,GET,GET
17207,GF,GF
16275,GFF,GFF
17929,GFI,GFI
16417,GFL,GFL
16647,GFY,GFY
16148,GGB,GGB
17693,GGG,GGG
17567,GGM,GGM
17148,GGT,GGT
16230,GGZ,GGZ
17002,GHC,GHC
16633,GHG,GHG
16949,GHL,GHL
16696,GHM,GHM
12746,GIACU,GIACU
16248,GIB,GIB
17733,GIL,GIL
16188,GIS,GIS
12763,GIW,GIW
12764,GIWWU,GIWWU
12765,GIWWW,GIWWW
17789,GJH,GJH
17020,GJO,GJO
16249,GJP,GJP
17387,GJR,GJR
16216,GJS,GJS
16483,GJT,GJT
17264,GJV,GJV
17787,GKOS,GKOS
17615,GL,GL
12768,GLBAV,GLBAV
12770,GLBKV,GLBKV
12771,GLBLW,GLBLW
17340,GLW,GLW
16305,GM,GM
16626,GME,GME
12791,GMFI,GMFI
12792,GMFIU,GMFIU
12793,GMFIW,GMFIW
12795,GMGT,GMGT
16875,GMS,GMS
16912,GNL,GNL
17226,GNRC,GNRC
16147,GNT,GNT
16924,GNW,GNW
12809,GODN,GODN
12810,GODNR,GODNR
12811,GODNU,GODNU
17845,GOL,GOL
17516,GPC,GPC
17558,GPI,GPI
17674,GPJA,GPJA
17108,GPK,GPK
17848,GPM,GPM
17719,GPMT,GPMT
16662,GPN,GPN
17212,GPOR,GPOR
17808,GPRK,GPRK
17068,GPS,GPS
12838,GRALV,GRALV
16233,GRC,GRC
12841,GRCL,GRCL
12848,GRNA,GRNA
12849,GRNAW,GRNAW
16921,GRUB,GRUB
16357,GS,GS
17304,GSBD,GSBD
12860,GSDWW,GSDWW
17300,GSK,GSK
12869,GSRM,GSRM
12870,GSRMW,GSRMW
17858,GTN,GTN
17847,GTS,GTS
17843,GTY,GTY
16908,GUT,GUT
16691,GVA,GVA
12890,GVCI,GVCI
12891,GVCIU,GVCIU
12892,GVCIW,GVCIW
16406,GWB,GWB
16723,GWRE,GWRE
16560,GWW,GWW
16152,GYC,GYC
17918,H,H
16705,HAE,HAE
17825,HAL,HAL
16643,HASI,HASI
16158,HAYW,HAYW
17698,HBM,HBM
17682,HCA,HCA
17448,HCC,HCC
16333,HCI,HCI
17721,HCXY,HCXY
16260,HD,HD
16169,HEI,HEI
16295,HEP,HEP
16580,HES,HES
12934,HEXO,HEXO
17324,HFC,HFC
17176,HGV,HGV
17327,HHC,HHC
17510,HI,HI
16494,HIG,HIG
16237,HII,HII
16215,HIO,HIO
16269,HL,HL
17183,HLF,HLF
17555,HLI,HLI
16556,HLT,HLT
12956,HMAC,HMAC
12957,HMACR,HMACR
12958,HMACU,HMACU
12959,HMACW,HMACW
17577,HMC,HMC
12960,HMCO,HMCO
12961,HMCOU,HMCOU
12962,HMCOW,HMCOW
17598,HMLP,HMLP
16164,HMN,HMN
16982,HMY,HMY
16586,HNGR,HNGR
17727,HNI,HNI
17480,HOG,HOG
17313,HOME,HOME
12984,HORIU,HORIU
17223,HOV,HOV
16157,HP,HP
17731,HPE,HPE
16380,HPF,HPF
16712,HPI,HPI
12995,HPLT,HPLT
12996,HPLTU,HPLTU
12997,HPLTW,HPLTW
16759,HPP,HPP
16515,HPQ,HPQ
17941,HPS,HPS
17570,HQH,HQH
17065,HQL,HQL
16859,HR,HR
16308,HRB,HRB
17416,HRC,HRC
16397,HRI,HRI
17928,HRL,HRL
16388,HRTG,HRTG
13007,HRYU,HRYU
17785,HSBC,HSBC
17910,HSC,HSC
16241,HSY,HSY
16816,HT,HT
16296,HTA,HTA
16889,HTD,HTD
17618,HTFA,HTFA
17468,HTGC,HTGC
16447,HTH,HTH
16607,HTY,HTY
17359,HUBB,HUBB
17586,HUM,HUM
17370,HUN,HUN
16905,HUYA,HUYA
16382,HVT,HVT
17107,HWM,HWM
16246,HY,HY
16964,HYI,HYI
13065,HYMCW,HYMCW
17003,HYT,HYT
13070,HYZN,HYZN
13071,HYZNW,HYZNW
17103,HZN,HZN
17594,IAA,IAA
13073,IACVV,IACVV
17283,IAG,IAG
13081,IBCA,IBCA
16284,IBM,IBM
13092,IBTE,IBTE
13103,ICAD,ICAD
16291,ICD,ICD
16327,ICE,ICE
16709,ICL,ICL
13109,ICLK,ICLK
16724,IDA,IDA
16620,IDE,IDE
16228,IDT,IDT
17591,IEX,IEX
17922,IFF,IFF
17215,IGA,IGA
16168,IGD,IGD
16499,IGI,IGI
16430,IGR,IGR
16568,IGT,IGT
17405,IHG,IHG
17583,IIF,IIF
17373,IIM,IIM
13146,IIVI,IIVI
13148,IKNA,IKNA
13155,ILMNV,ILMNV
13158,IMACW,IMACW
16976,IMAX,IMAX
13174,IMPPV,IMPPV
13175,IMRA,IMRA
13180,IMTXW,IMTXW
13190,INBXV,INBXV
16874,ING,ING
16546,INGR,INGR
13203,INKA,INKA
13212,INPX,INPX
13213,INPXV,INPXV
17323,INSI,INSI
17198,INSP,INSP
16719,INT,INT
13222,INTM,INTM
13233,INXBV,INXBV
13234,INZY,INZY
13236,IOMT,IOMT
17639,IP,IP
16894,IPG,IPG
17030,IPHI,IPHI
17463,IPI,IPI
13261,IPXXU,IPXXU
13263,IQMDW,IQMDW
16771,IQV,IQV
17432,IR,IR
17666,IRM,IRM
17550,IRT,IRT
16428,ISD,ISD
13281,ISO,ISO
17005,IT,IT
16797,ITGR,ITGR
13293,ITI,ITI
16426,ITT,ITT
17333,ITW,ITW
17082,IVC,IVC
13304,IVCPU,IVCPU
16644,IVR,IVR
17746,IVZ,IVZ
16692,J,J
17921,JBL,JBL
16713,JBT,JBT
17043,JCI,JCI
13328,JCICU,JCICU
16699,JEF,JEF
17127,JHG,JHG
16767,JHI,JHI
16458,JHS,JHS
16835,JHX,JHX
17205,JILL,JILL
17612,JKS,JKS
17827,JLL,JLL
13348,JMACU,JMACU
13349,JMHI,JMHI
16940,JMM,JMM
16218,JNJ,JNJ
16315,JNPR,JNPR
16282,JOE,JOE
13352,JOET,JOET
16346,JOF,JOF
17348,JPS,JPS
17192,JPT,JPT
16988,JQC,JQC
16323,JRI,JRI
16444,JRO,JRO
17140,JRS,JRS
17701,JSD,JSD
17761,JT,JT
13366,JUGG,JUGG
13367,JUGGU,JUGGU
13368,JUGGW,JUGGW
13371,JVSA,JVSA
13372,JVSAR,JVSAR
13373,JVSAU,JVSAU
13374,JW,JW
16175,K,K
16373,KAI,KAI
17527,KAMN,KAMN
16534,KB,KB
16187,KBH,KBH
13387,KBNTW,KBNTW
16365,KBR,KBR
16552,KDMN,KDMN
13398,KDNY,KDNY
16959,KEM,KEM
17640,KEX,KEX
16179,KEY,KEY
17852,KEYS,KEYS
13409,KFRC,KFRC
16896,KFS,KFS
16356,KFY,KFY
17604,KGC,KGC
16550,KIM,KIM
13416,KIRK,KIRK
17715,KKR,KKR
17562,KL,KL
17386,KMF,KMF
17692,KMI,KMI
16454,KMPR,KMPR
16536,KMT,KMT
17913,KMX,KMX
17275,KN,KN
17309,KNL,KNL
16891,KNX,KNX
16914,KO,KO
16686,KOF,KOF
17551,KOP,KOP
16906,KOS,KOS
17589,KR,KR
16763,KRC,KRC
17607,KREF,KREF
16911,KRG,KRG
17016,KRO,KRO
13448,KRON,KRON
16818,KRP,KRP
17334,KSM,KSM
16635,KSS,KSS
17165,KSU,KSU
16687,KT,KT
17211,KTB,KTB
13466,KWE,KWE
13467,KWESW,KWESW
17861,KWR,KWR
17213,L,L
17478,LAD,LAD
13477,LAESV,LAESV
17280,LAIX,LAIX
17426,LAZ,LAZ
17750,LB,LB
13491,LBBB,LBBB
13492,LBBBR,LBBBR
13493,LBBBU,LBBBU
13494,LBBBW,LBBBW
13495,LBDAV,LBDAV
13496,LBDKV,LBDKV
13498,LBPH,LBPH
16634,LBRT,LBRT
13505,LBYAV,LBYAV
17771,LC,LC
13506,LCAA,LCAA
13507,LCAAU,LCAAU
13508,LCAAW,LCAAW
17473,LCI,LCI
17256,LCII,LCII
17321,LDL,LDL
17329,LDOS,LDOS
17406,LDP,LDP
13519,LDRH,LDRH
13520,LDRI,LDRI
13523,LDTC,LDTC
13524,LDTCW,LDTCW
16347,LEA,LEA
17781,LEG,LEG
16786,LEN,LEN
17357,LEVI,LEVI
13537,LFACW,LFACW
17172,LFC,LFC
13545,LGACU,LGACU
16617,LGI,LGI
13555,LGVNV,LGVNV
17579,LH,LH
16544,LHX,LHX
17047,LII,LII
13572,LIONU,LIONU
13573,LIPO,LIPO
13578,LITT,LITT
13579,LITTU,LITTU
13580,LITTW,LITTW
17756,LLY,LLY
13590,LMACA,LMACA
13591,LMACU,LMACU
13592,LMACW,LMACW
13597,LMNL,LMNL
17590,LMT,LMT
17657,LNC,LNC
17809,LND,LND
17037,LNN,LNN
17380,LOCK,LOCK
16189,LOW,LOW
16150,LPG,LPG
17298,LPI,LPI
17153,LPL,LPL
17592,LPX,LPX
13635,LRFC,LRFC
17049,LRN,LRN
13646,LSEA,LSEA
13647,LSEAW,LSEAW
17350,LSI,LSI
13649,LSPRU,LSPRU
17515,LTC,LTC
16780,LTHM,LTHM
13655,LTRY,LTRY
17431,LUB,LUB
17568,LUMN,LUMN
17146,LUV,LUV
13663,LVAC,LVAC
13664,LVACW,LVACW
17888,LVS,LVS
16807,LW,LW
17045,LXP,LXP
17764,LXU,LXU
17053,LYB,LYB
16251,LYG,LYG
16745,LYV,LYV
16623,LZB,LZB
16277,M,M
17832,MA,MA
17277,MAA,MAA
17680,MAC,MAC
13688,MACK,MACK
13689,MAGS,MAGS
16773,MAN,MAN
17315,MANU,MANU
16258,MAS,MAS
16416,MATX,MATX
13716,MBAY,MBAY
13724,MBNKP,MBNKP
13731,MCACR,MCACR
13732,MCACU,MCACU
13733,MCACW,MCACW
17425,MCD,MCD
16140,MCI,MCI
16395,MCK,MCK
17076,MCO,MCO
13742,MCOM,MCOM
16660,MCR,MCR
17393,MCS,MCS
17953,MCY,MCY
16255,MD,MD
17384,MDC,MDC
17292,MDLA,MDLA
16223,MDLQ,MDLQ
16166,MDLX,MDLX
17571,MDLY,MDLY
17599,MDP,MDP
13758,MDRRP,MDRRP
17470,MDT,MDT
13766,MEKA,MEKA
13770,MEOA,MEOA
13771,MEOAW,MEOAW
17048,MET,MET
13777,METBV,METBV
13781,METCV,METCV
16377,MFA,MFA
16598,MFC,MFC
17101,MFD,MFD
16756,MFG,MFG
17189,MFGP,MFGP
16613,MFT,MFT
16588,MFV,MFV
16474,MG,MG
17154,MGA,MGA
16785,MGF,MGF
13792,MGI,MGI
17175,MGM,MGM
17530,MGP,MGP
17711,MGR,MGR
13802,MGTA,MGTA
17741,MGU,MGU
17788,MGY,MGY
17299,MHD,MHD
17806,MHF,MHF
17653,MHI,MHI
16772,MHK,MHK
17844,MHN,MHN
16711,MHNC,MHNC
16840,MHO,MHO
17495,MIC,MIC
17859,MIN,MIN
13812,MINM,MINM
16746,MIT,MIT
16527,MITT,MITT
17479,MIY,MIY
17631,MKC,MKC
16399,MKL,MKL
13828,MLAIU,MLAIU
16879,MLI,MLI
17059,MLM,MLM
16726,MLP,MLP
17748,MLR,MLR
16878,MMC,MMC
17642,MMD,MMD
16450,MMI,MMI
17235,MMM,MMM
17600,MMP,MMP
17017,MMS,MMS
16332,MMT,MMT
17906,MMU,MMU
16608,MN,MN
16609,MNP,MNP
16870,MNR,MNR
17927,MO,MO
13867,MONCU,MONCU
17595,MOR,MOR
16265,MOS,MOS
17829,MOV,MOV
16343,MPA,MPA
13871,MPACW,MPACW
17270,MPC,MPC
16229,MPLX,MPLX
13873,MPRA,MPRA
13874,MPRAU,MPRAU
13875,MPRAW,MPRAW
17821,MPV,MPV
17201,MPW,MPW
17224,MPX,MPX
17831,MQT,MQT
17651,MQY,MQY
13885,MRIN,MRIN
16419,MRK,MRK
16610,MRO,MRO
17758,MS,MS
17602,MSA,MSA
17444,MSB,MSB
17873,MSC,MSC
16929,MSD,MSD
17665,MSGE,MSGE
16882,MSGN,MSGN
17079,MSI,MSI
13909,MSII,MSII
16965,MSM,MSM
17096,MT,MT
13918,MTAC,MTAC
17445,MTB,MTB
13921,MTCR,MTCR
17695,MTD,MTD
17513,MTDR,MTDR
16217,MTG,MTG
16616,MTN,MTN
16467,MTR,MTR
13927,MTRA,MTRA
17687,MTRN,MTRN
16542,MTW,MTW
16577,MTX,MTX
17014,MTZ,MTZ
16792,MUA,MUA
17452,MUC,MUC
16523,MUE,MUE
16167,MUFG,MUFG
16363,MUJ,MUJ
13935,MULN,MULN
17744,MUR,MUR
13937,MURFW,MURFW
16421,MUSA,MUSA
13938,MUSE,MUSE
17628,MUX,MUX
17552,MVF,MVF
17659,MVO,MVO
13943,MVRK,MVRK
16155,MVT,MVT
16600,MWA,MWA
16562,MX,MX
17089,MXE,MXE
17200,MXF,MXF
16716,MYC,MYC
16559,MYD,MYD
17749,MYE,MYE
17419,MYF,MYF
16638,MYI,MYI
16779,MYJ,MYJ
17366,MYN,MYN
16480,MYOV,MYOV
17262,MZA,MZA
13972,NAACU,NAACU
17233,NAC,NAC
17073,NAD,NAD
17684,NAN,NAN
16287,NAT,NAT
13985,NATL,NATL
17326,NAV,NAV
16974,NAZ,NAZ
17179,NBB,NBB
16485,NBR,NBR
16680,NC,NC
16928,NCA,NCA
16445,NCR,NCR
14011,NDAC,NDAC
14012,NDACU,NDACU
14013,NDACW,NDACW
17846,NDP,NDP
16664,NE,NE
16743,NEA,NEA
16985,NEE,NEE
16160,NEM,NEM
17742,NEP,NEP
14031,NESRW,NESRW
17018,NET,NET
16181,NEU,NEU
16340,NFG,NFG
16317,NFJ,NFJ
17188,NGG,NGG
14051,NGIO,NGIO
16688,NGL,NGL
17203,NGS,NGS
16423,NGVC,NGVC
16519,NHA,NHA
17296,NHF,NHF
17800,NHI,NHI
17654,NI,NI
17706,NID,NID
17524,NIE,NIE
16517,NIM,NIM
17683,NJR,NJR
16563,NKE,NKE
14071,NKEL,NKEL
14072,NKEQ,NKEQ
17067,NKG,NKG
17038,NKX,NKX
17443,NL,NL
16720,NLS,NLS
16984,NLSN,NLSN
17709,NLY,NLY
17418,NM,NM
17214,NMAI,NMAI
17453,NMCO,NMCO
14080,NMHIW,NMHIW
17937,NMI,NMI
17168,NMM,NMM
16435,NMR,NMR
16909,NMS,NMS
17345,NMT,NMT
17728,NMZ,NMZ
16299,NNA,NNA
17900,NNI,NNI
14093,NOAC,NOAC
14094,NOACU,NOACU
14095,NOACW,NOACW
16393,NOC,NOC
16710,NOMD,NOMD
16666,NOV,NOV
14103,NOVV,NOVV
14104,NOVVR,NOVVR
14105,NOVVU,NOVVU
14106,NOVVW,NOVVW
16670,NOW,NOW
17071,NP,NP
17305,NPK,NPK
16389,NPO,NPO
16993,NPTN,NPTN
17536,NPV,NPV
16814,NR,NR
16883,NRE,NRE
17902,NRG,NRG
17081,NRK,NRK
16668,NRP,NRP
17908,NRT,NRT
17004,NRUC,NRUC
16553,NRZ,NRZ
16740,NSA,NSA
17464,NSC,NSC
17754,NSP,NSP
16846,NSS,NSS
16907,NTB,NTB
14130,NTBL,NTBL
17265,NTCO,NTCO
17814,NTG,NTG
17094,NTR,NTR
17647,NTZ,NTZ
16776,NUE,NUE
17383,NUO,NUO
17842,NUS,NUS
16244,NUV,NUV
16470,NUW,NUW
16141,NVG,NVG
17051,NVO,NVO
17502,NVR,NVR
14173,NVSAU,NVSAU
16902,NVST,NVST
16496,NVT,NVT
16747,NVTA,NVTA
16888,NWN,NWN
16154,NX,NX
17152,NXC,NXC
16863,NXJ,NXJ
17242,NXN,NXN
16877,NXP,NXP
17228,NXR,NXR
16597,NYC,NYC
17159,NYCB,NYCB
17278,NYT,NYT
17061,NZF,NZF
14214,NZRO,NZRO
17868,O,O
17878,OAK,OAK
17050,OC,OC
17389,OCFT,OCFT
17008,ODC,ODC
17769,OEC,OEC
16520,OFC,OFC
17126,OHI,OHI
14254,OHPA,OHPA
14255,OHPAU,OHPAU
14256,OHPAW,OHPAW
17197,OI,OI
16350,OIA,OIA
16368,OII,OII
17641,OIS,OIS
17078,OKE,OKE
14263,OLK,OLK
17170,OLN,OLN
17115,OMC,OMC
14283,ONCT,ONCT
17705,ONE,ONE
14300,OPHC,OPHC
14310,OPTN,OPTN
16381,OR,OR
16576,ORA,ORA
17029,ORAN,ORAN
17266,ORC,ORC
16812,ORCC,ORCC
16826,ORCL,ORCL
16452,ORI,ORI
16498,ORN,ORN
16657,OSK,OSK
14340,OTMO,OTMO
14341,OTMOW,OTMOW
14343,OTRKP,OTRKP
16973,OUT,OUT
17851,OVV,OVV
16791,OXM,OXM
14362,OXUSU,OXUSU
17316,OXY,OXY
14369,OZON,OZON
16211,PAC,PAC
17812,PACW,PACW
14375,PACWP,PACWP
14376,PACX,PACX
14377,PACXW,PACXW
17876,PAG,PAG
17056,PAI,PAI
16348,PAR,PAR
14389,PARAP,PARAP
16491,PAYC,PAYC
17341,PB,PB
16695,PBA,PBA
17026,PBF,PBF
16364,PBI,PBI
14412,PCCT,PCCT
14413,PCCTU,PCCTU
16890,PCF,PCF
17273,PCG,PCG
17349,PCI,PCI
16685,PCK,PCK
17801,PCQ,PCQ
17440,PDI,PDI
17438,PDM,PDM
16466,PDS,PDS
16460,PDT,PDT
17759,PEB,PEB
17535,PEI,PEI
17036,PEN,PEN
17237,PEO,PEO
14448,PEPLW,PEPLW
17778,PER,PER
14451,PET,PET
14453,PETWW,PETWW
16153,PFE,PFE
14459,PFEL,PFEL
14460,PFES,PFES
16433,PFGC,PFGC
17500,PFL,PFL
17956,PFN,PFN
17119,PFO,PFO
16429,PFS,PFS
16802,PFSI,PFSI
14468,PFXNL,PFXNL
17638,PG,PG
17217,PGP,PGP
17866,PGR,PGR
16766,PGRE,PGRE
17193,PGTI,PGTI
17916,PGZ,PGZ
17491,PH,PH
16434,PHD,PHD
16742,PHG,PHG
17109,PHI,PHI
17125,PHK,PHK
16795,PHM,PHM
16880,PHR,PHR
17077,PHT,PHT
17106,PHX,PHX
14485,PHXM,PHXM
16714,PIC,PIC
17903,PII,PII
17239,PIM,PIM
17830,PINE,PINE
16587,PING,PING
17566,PINS,PINS
17864,PIPR,PIPR
14493,PIRS,PIRS
16722,PJC,PJC
16178,PJT,PJT
16320,PK,PK
16957,PKE,PKE
16752,PKG,PKG
17381,PKI,PKI
16298,PKO,PKO
16868,PKX,PKX
17095,PLD,PLD
14504,PLMI,PLMI
14505,PLMIU,PLMIU
14506,PLMIW,PLMIW
17526,PLNT,PLNT
16788,PLOW,PLOW
16849,PLT,PLT
17616,PM,PM
16337,PMF,PMF
16828,PML,PML
17573,PMM,PMM
14530,PMNT,PMNT
16852,PMO,PMO
16667,PMT,PMT
17436,PMX,PMX
17434,PNC,PNC
16384,PNF,PNF
16214,PNI,PNI
16750,PNM,PNM
17662,PNR,PNR
16378,POL,POL
14552,PONOU,PONOU
17790,POST,POST
16522,PPG,PPG
17874,PPL,PPL
17668,PPR,PPR
17681,PPT,PPT
14570,PRCS,PRCS
14573,PRDS,PRDS
16375,PRGO,PRGO
16379,PRH,PRH
17784,PRI,PRI
17930,PRLB,PRLB
16235,PRS,PRS
16815,PRSP,PRSP
16361,PRT,PRT
16505,PRU,PRU
16319,PSA,PSA
16611,PSB,PSB
17009,PSF,PSF
17039,PSN,PSN
17251,PSO,PSO
17537,PSTG,PSTG
16777,PSTL,PSTL
14619,PSTX,PSTX
16213,PSX,PSX
14630,PTHR,PTHR
14631,PTHRW,PTHRW
17856,PTR,PTR
14641,PTWOU,PTWOU
17260,PTY,PTY
17253,PUK,PUK
17422,PUMP,PUMP
17714,PVL,PVL
14647,PWER,PWER
14649,PWOD,PWOD
16548,PWR,PWR
17135,PXD,PXD
14652,PXDT,PXDT
16939,PYN,PYN
14661,PYPS,PYPS
14662,PYPT,PYPT
14663,PYR,PYR
16595,PYS,PYS
16898,PZC,PZC
17196,PZN,PZN
16539,QD,QD
17102,QEP,QEP
17301,QGEN,QGEN
14690,QLTI,QLTI
14691,QLTY,QLTY
14736,QTNT,QTNT
14744,QUSA,QUSA
14747,QXO,QXO
17367,R,R
16999,RA,RA
16637,RACE,RACE
17822,RAD,RAD
14756,RAMMU,RAMMU
16935,RBA,RBA
17505,RBC,RBC
14774,RBNEV,RBNEV
17353,RBS,RBS
17487,RC,RC
17893,RCB,RCB
16948,RCI,RCI
16490,RCL,RCL
14780,RCLFU,RCLFU
14781,RCM,RCM
17483,RCS,RCS
14792,RDFN,RDFN
17093,RDN,RDN
17797,RDY,RDY
16521,RE,RE
17512,RELX,RELX
17565,RENN,RENN
17072,RES,RES
14827,REUN,REUN
16653,REV,REV
17837,REVG,REVG
16677,REX,REX
17124,REXR,REXR
16960,REZI,REZI
17435,RF,RF
17204,RFL,RFL
16589,RFP,RFP
17511,RGA,RGA
14842,RGLS,RGLS
16173,RGR,RGR
16639,RH,RH
17559,RHI,RHI
14848,RHLDV,RHLDV
17116,RHP,RHP
17572,RIG,RIG
16655,RIO,RIO
16338,RIV,RIV
16285,RJF,RJF
17623,RL,RL
17429,RLI,RLI
16775,RLJ,RLJ
17489,RLX,RLX
17581,RM,RM
17206,RMAX,RMAX
16506,RMD,RMD
17404,RMI,RMI
16810,RMM,RMM
17379,RMP,RMP
14887,RNDM,RNDM
14889,RNERU,RNERU
17949,RNG,RNG
14890,RNLX,RNLX
17015,RNP,RNP
17560,RNR,RNR
17539,RNST,RNST
14894,RNWK,RNWK
14899,ROC,ROC
14900,ROCAU,ROCAU
16307,ROG,ROG
14903,ROI,ROI
17091,ROK,ROK
17450,ROL,ROL
16811,ROYT,ROYT
16478,RPAI,RPAI
17454,RPL,RPL
17523,RPM,RPM
17696,RPT,RPT
17912,RQI,RQI
16656,RRC,RRC
16886,RRD,RRD
17675,RS,RS
17664,RSF,RSF
17000,RSG,RSG
14926,RTC,RTC
17447,RTX,RTX
17807,RVI,RVI
17520,RVLV,RVLV
14937,RVNC,RVNC
16471,RWT,RWT
14947,RXDX,RXDX
17494,RXN,RXN
17772,RY,RY
17943,RYAM,RYAM
17816,RYB,RYB
16482,RYI,RYI
17936,RYN,RYN
17634,RZA,RZA
17892,RZB,RZB
14958,SABRP,SABRP
17803,SAF,SAF
16238,SAFE,SAFE
16734,SAH,SAH
16813,SALT,SALT
17606,SAM,SAM
14969,SAMAU,SAMAU
16219,SAN,SAN
16975,SAP,SAP
14976,SASI,SASI
16488,SAVE,SAVE
16937,SB,SB
17069,SBE,SBE
16492,SBH,SBH
16349,SBI,SBI
14990,SBIGW,SBIGW
16257,SBR,SBR
16193,SBS,SBS
14993,SBSI,SBSI
16601,SBSW,SBSW
17561,SC,SC
14997,SCAQU,SCAQU
16702,SCCO,SCCO
17860,SCD,SCD
17702,SCE,SCE
16191,SCHW,SCHW
16469,SCI,SCI
16227,SCL,SCL
17424,SCM,SCM
15003,SCMA,SCMA
15004,SCMAU,SCMAU
15005,SCMAW,SCMAW
17046,SCS,SCS
16170,SCU,SCU
16294,SCVX,SCVX
17294,SCWX,SCWX
17414,SCX,SCX
16400,SD,SD
15016,SDACU,SDACU
17569,SDRL,SDRL
17423,SE,SE
17354,SEAS,SEAS
16543,SEE,SEE
17914,SEM,SEM
17472,SES,SES
17895,SF,SF
16545,SFB,SFB
16443,SFE,SFE
17763,SFL,SFL
15057,SFRT,SFRT
15058,SFRTW,SFRTW
17415,SFTW,SFTW
15063,SGBXV,SGBXV
15066,SGDVV,SGDVV
16582,SGEN,SGEN
17355,SGFY,SGFY
15069,SGMA,SGMA
15075,SGTX,SGTX
17850,SGU,SGU
17158,SHAK,SHAK
15078,SHCAU,SHCAU
17924,SHG,SHG
16212,SHI,SHI
15085,SHLT,SHLT
16385,SHO,SHO
17738,SHW,SHW
15095,SHYF,SHYF
17486,SID,SID
15100,SIFYR,SIFYR
16190,SIG,SIG
16857,SII,SII
17160,SIX,SIX
17191,SJI,SJI
17144,SJM,SJM
17799,SJT,SJT
17042,SKM,SKM
16376,SKT,SKT
16824,SKX,SKX
16177,SLB,SLB
17563,SLCA,SLCA
16641,SLF,SLF
16603,SLG,SLG
15136,SLGC,SLGC
15137,SLGCW,SLGCW
15142,SLND,SLND
15150,SLRN,SLRN
15155,SLVRU,SLVRU
17123,SM,SM
17194,SMAR,SMAR
15159,SMBK,SMBK
17944,SMFG,SMFG
16263,SMG,SMG
17740,SMLP,SMLP
17933,SMP,SMP
17619,SNA,SNA
16468,SNAP,SNAP
15186,SNDKV,SNDKV
16427,SNN,SNN
17456,SNP,SNP
17669,SNR,SNR
15196,SNREV,SNREV
16923,SNV,SNV
16774,SNX,SNX
16424,SO,SO
16302,SOGO,SOGO
15209,SOGU,SOGU
16405,SOI,SOI
17700,SOL,SOL
15215,SOLO,SOLO
15216,SOLOW,SOLOW
17546,SON,SON
16624,SONY,SONY
17421,SPB,SPB
17343,SPE,SPE
16306,SPG,SPG
17582,SPGI,SPGI
17770,SPH,SPH
15242,SPHA,SPHA
15243,SPHAR,SPHAR
15245,SPKBU,SPKBU
16950,SPL,SPL
15251,SPPI,SPPI
16708,SPR,SPR
15259,SPTK,SPTK
15260,SPTKW,SPTKW
16281,SPXC,SPXC
17166,SPXX,SPXX
16585,SQ,SQ
16652,SR,SR
15272,SRAX,SRAX
17352,SRC,SRC
16922,SRF,SRF
17768,SRI,SRI
15277,SRM,SRM
16630,SRV,SRV
15283,SSB,SSB
15285,SSBK,SSBK
16513,SSD,SSD
17055,SSTK,SSTK
17268,ST,ST
16901,STAG,STAG
16954,STAR,STAR
15298,STBX,STBX
17117,STC,STC
17122,STE,STE
16784,STG,STG
15304,STHOV,STHOV
16538,STK,STK
16303,STL,STL
17232,STM,STM
17521,STN,STN
16245,STT,STT
16871,STWD,STWD
15326,STXD,STXD
15327,STXG,STXG
15328,STXK,STXK
15329,STXV,STXV
16729,STZ,STZ
16256,SU,SU
17240,SUI,SUI
16853,SUM,SUM
17811,SUN,SUN
15333,SUNSV,SUNSV
16209,SUP,SUP
15336,SURF,SURF
17100,SUZ,SUZ
15347,SVFAU,SVFAU
15352,SVNAU,SVNAU
15359,SWEB,SWEB
15360,SWET,SWET
15361,SWETU,SWETU
15362,SWETW,SWETW
16224,SWK,SWK
17707,SWM,SWM
16409,SWN,SWN
17054,SWT,SWT
15369,SWTX,SWTX
16803,SWZ,SWZ
16273,SXC,SXC
17522,SXI,SXI
16531,SXT,SXT
16706,SYF,SYF
17342,SYK,SYK
15381,SYRA,SYRA
15383,SYT,SYT
17325,SYX,SYX
17578,SYY,SYY
17184,T,T
16938,TAC,TAC
17802,TAK,TAK
17857,TAL,TAL
15400,TANNI,TANNI
15401,TANNL,TANNL
15402,TANNZ,TANNZ
17310,TAP,TAP
16439,TARO,TARO
17312,TBB,TBB
17396,TBI,TBI
15425,TBMCU,TBMCU
15428,TBSA,TBSA
15429,TBSAU,TBSAU
15430,TBSAW,TBSAW
15432,TCBC,TCBC
15438,TCDA,TCDA
16751,TCI,TCI
16845,TCO,TCO
16292,TCRR,TCRR
17287,TCRZ,TCRZ
15445,TCVA,TCVA
17587,TD,TD
16844,TDC,TDC
17322,TDE,TDE
16448,TDF,TDF
17409,TDG,TDG
17805,TDOC,TDOC
17911,TDS,TDS
15452,TDSA,TDSA
15455,TDSD,TDSD
15456,TDSE,TDSE
17950,TDW,TDW
17633,TDY,TDY
16833,TEAF,TEAF
16420,TECK,TECK
16156,TEF,TEF
17626,TEL,TEL
16986,TEN,TEN
17643,TEO,TEO
16192,TEVA,TEVA
16352,TFC,TFC
17896,TFX,TFX
16371,TG,TG
16612,TGH,TGH
17725,TGI,TGI
16342,TGT,TGT
15480,THACU,THACU
16518,THC,THC
15483,THCHW,THCHW
17441,THG,THG
17694,THO,THO
17145,THQ,THQ
17646,THR,THR
15485,THRD,THRD
15487,THRN,THRN
16345,THS,THS
16583,TIF,TIF
17871,TISI,TISI
17841,TJX,TJX
17482,TK,TK
17691,TKC,TKC
17397,TKR,TKR
16220,TLK,TLK
17388,TLYS,TLYS
17238,TM,TM
15510,TMAR,TMAR
15514,TMDI,TMDI
17905,TME,TME
17461,TMO,TMO
17884,TMST,TMST
17060,TNC,TNC
16869,TNET,TNET
17688,TNK,TNK
15526,TOACU,TOACU
16533,TOL,TOL
15531,TOPS,TOPS
15532,TOPW,TOPW
17880,TORC,TORC
15534,TOROV,TOROV
17286,TOST,TOST
17469,TPB,TPB
16198,TPC,TPC
16161,TPH,TPH
17157,TPL,TPL
16493,TPR,TPR
17104,TPRE,TPRE
17477,TPVG,TPVG
17276,TR,TR
15546,TRAK,TRAK
17783,TRC,TRC
17129,TREC,TREC
16625,TREX,TREX
17712,TRGP,TRGP
16640,TRN,TRN
17820,TRNO,TRNO
16967,TRP,TRP
16727,TRQ,TRQ
17819,TRTN,TRTN
16697,TRU,TRU
17553,TRV,TRV
16353,TS,TS
17574,TSE,TSE
17632,TSI,TSI
15581,TSIB,TSIB
15582,TSIBU,TSIBU
15583,TSIBW,TSIBW
15584,TSII,TSII
15592,TSLT,TSLT
17836,TSLX,TSLX
15593,TSLZ,TSLZ
16162,TSN,TSN
17584,TSQ,TSQ
17261,TSU,TSU
16654,TT,TT
16205,TTC,TTC
16764,TTE,TTE
17385,TTM,TTM
16551,TTP,TTP
17314,TU,TU
17164,TUP,TUP
17652,TV,TV
17344,TVC,TVC
16289,TVE,TVE
15628,TWCB,TWCB
15629,TWCBU,TWCBU
15630,TWCBW,TWCBW
17027,TWI,TWI
15634,TWKS,TWKS
17488,TWLO,TWLO
16621,TWN,TWN
15636,TWNPV,TWNPV
16410,TWO,TWO
16700,TWTR,TWTR
17952,TX,TX
16805,TXT,TXT
17023,TY,TY
16698,TYG,TYG
17542,TYL,TYL
17798,UA,UA
16567,UAA,UAA
17475,UAN,UAN
17413,UBA,UBA
16830,UBER,UBER
16437,UBS,UBS
15656,UCB,UCB
15657,UCBI,UCBI
16796,UDR,UDR
16359,UE,UE
17492,UFS,UFS
16693,UGI,UGI
17174,UGP,UGP
17377,UHS,UHS
16887,UI,UI
16825,UIS,UIS
17330,UL,UL
15685,UMBFP,UMBFP
17877,UMC,UMC
17113,UMH,UMH
15687,UNAMQ,UNAMQ
17939,UNF,UNF
17585,UNFI,UNFI
17699,UNH,UNH
16684,UNM,UNM
16210,UNP,UNP
16918,UNT,UNT
17605,UPS,UPS
16858,URI,URI
17621,USA,USA
16509,USAC,USAC
16893,USB,USB
17282,USDP,USDP
17258,USFD,USFD
17833,USM,USM
16312,USNA,USNA
17031,USPH,USPH
15733,UTAA,UTAA
15734,UTAAU,UTAAU
16618,UTF,UTF
17901,UTI,UTI
17035,UTL,UTL
16324,UTZ,UTZ
16599,UVE,UVE
17338,UVV,UVV
16372,UZB,UZB
17840,V,V
16915,VAC,VAC
17401,VAL,VAL
17187,VALE,VALE
16721,VAPO,VAPO
17743,VAR,VAR
17774,VBF,VBF
17920,VCIF,VCIF
15768,VCKAU,VCKAU
16329,VCO,VCO
16996,VCRA,VCRA
17363,VCV,VCV
15773,VCXA,VCXA
15774,VCXAW,VCXAW
17297,VEC,VEC
15777,VECT,VECT
17817,VEDL,VEDL
15787,VERV,VERV
16820,VET,VET
16904,VFC,VFC
15795,VGFC,VGFC
16860,VGI,VGI
17234,VGM,VGM
17407,VGR,VGR
15801,VIA,VIA
16504,VICI,VICI
15807,VINC,VINC
16461,VIPS,VIPS
15812,VIRT,VIRT
17085,VIV,VIV
17351,VJET,VJET
17311,VKQ,VKQ
15817,VLCN,VLCN
15818,VLDRW,VLDRW
17734,VLO,VLO
16856,VLRS,VLRS
16197,VLT,VLT
15824,VMAX,VMAX
16838,VMC,VMC
15828,VMGA,VMGA
15829,VMGAW,VMGAW
16221,VMI,VMI
16936,VMO,VMO
16278,VMW,VMW
17467,VNCE,VNCE
17162,VNE,VNE
16422,VNO,VNO
17723,VNT,VNT
17622,VOC,VOC
16322,VOYA,VOYA
16184,VPG,VPG
17663,VPV,VPV
16897,VRE,VRE
15850,VRMMQ,VRMMQ
15858,VRTS,VRTS
16271,VSH,VSH
16581,VSLR,VSLR
16665,VST,VST
17813,VSTO,VSTO
17181,VTN,VTN
16632,VTR,VTR
16301,VVI,VVI
17025,VVR,VVR
16765,VVV,VVV
15890,VXRT,VXRT
16703,VZ,VZ
16222,W,W
17437,WAB,WAB
17182,WAL,WAL
17490,WAT,WAT
16457,WBS,WBS
16831,WCC,WCC
17915,WCN,WCN
17142,WD,WD
15918,WDCVV,WDCVV
17704,WDR,WDR
17557,WEC,WEC
17199,WELL,WELL
15922,WENA,WENA
15923,WENAW,WENAW
17138,WES,WES
16925,WEX,WEX
16987,WF,WF
17221,WFC,WFC
17716,WGO,WGO
17794,WH,WH
17795,WHR,WHR
17786,WIA,WIA
17624,WIT,WIT
16787,WIW,WIW
17092,WK,WK
15954,WKEYV,WKEYV
17185,WLK,WLK
17149,WLKP,WLKP
16917,WLL,WLL
17948,WM,WM
17644,WMB,WMB
17133,WMC,WMC
17747,WMK,WMK
17281,WMS,WMS
16790,WMT,WMT
17248,WNC,WNC
16398,WOR,WOR
16622,WOW,WOW
16473,WPC,WPC
17708,WPX,WPX
16865,WRB,WRB
16782,WRK,WRK
16672,WSM,WSM
16183,WSO,WSO
16231,WST,WST
15988,WTFCM,WTFCM
15989,WTFCP,WTFCP
16165,WTI,WTI
16194,WTM,WTM
17019,WTRG,WTRG
17503,WTS,WTS
16387,WTTR,WTTR
16602,WU,WU
16000,WWACU,WWACU
17132,WWE,WWE
16202,WWW,WWW
16313,WY,WY
17130,WYND,WYND
16005,WYTC,WYTC
17001,X,X
16019,XDNA,XDNA
16547,XFLT,XFLT
17358,XHR,XHR
17271,XIN,XIN
17815,XL,XL
17596,XLNX,XLNX
16030,XLYO,XLYO
16031,XM,XM
17762,XOM,XOM
16044,XPDB,XPDB
16045,XPDBW,XPDBW
16226,XPO,XPO
16048,XPVVV,XPVVV
17541,XYF,XYF
17062,XYL,XYL
17227,Y,Y
17954,YELP,YELP
16931,YETI,YETI
16829,YEXT,YEXT
17732,YUM,YUM
16900,YUMC,YUMC
16091,ZAPP,ZAPP
16092,ZAPPW,ZAPPW
17114,ZBH,ZBH
16438,ZEN,ZEN
16109,ZGEN,ZGEN
16861,ZIM,ZIM
16111,ZINGU,ZINGU
16126,ZTAQU,ZTAQU
17730,ZTO,ZTO
16658,ZTS,ZTS
16131,ZVSA,ZVSA
16137,ZYNE,ZYNE
